Date,Open,High,Low,Close,Adj Close,Volume
2005-10-27,2.95749,3.09124,2.49677,2.54136,1.02054,208834677.0
2005-10-28,2.54136,2.68998,2.4076,2.63053,1.056348,111628200.0
2005-10-31,2.68998,2.68998,2.54136,2.54136,1.02054,26323690.0
2005-11-01,2.5265,2.58594,2.42246,2.42246,0.972793,52637825.0
2005-11-02,2.43733,2.49677,2.31843,2.31843,0.931017,36910332.0
2005-11-03,2.33329,2.39274,2.28871,2.31843,0.931017,38787905.0
2005-11-04,2.34816,2.45219,2.33329,2.37788,0.954891,57908941.0
2005-11-07,2.4076,2.4076,2.30357,2.30357,0.92505,33417203.0
2005-11-08,2.31843,2.33329,2.25899,2.25899,0.907148,20613324.0
2005-11-09,2.28871,2.37788,2.27385,2.31843,0.931017,74798881.0
2005-11-10,2.33329,2.33329,2.27385,2.27385,0.913115,11785156.0
2005-11-11,2.30357,2.30357,2.14009,2.14009,0.859401,8588762.0
2005-11-14,2.15495,2.16981,1.96175,1.97661,0.793752,10566995.0
2005-11-15,1.99147,1.99147,1.72396,1.78341,0.716168,9366867.0
2005-11-16,1.78341,1.84286,1.75369,1.75369,0.704233,5834846.0
2005-11-17,1.76855,1.87258,1.76855,1.87258,0.751976,14255660.0
2005-11-18,1.87258,1.88744,1.76855,1.76855,0.710201,10195975.0
2005-11-21,1.76855,1.78341,1.48617,1.60507,0.644552,6149210.0
2005-11-22,1.57535,1.85772,1.54562,1.85772,0.746009,53875095.0
2005-11-23,1.85772,1.97661,1.82799,1.9023,0.763911,49745432.0
2005-11-24,1.91717,1.94689,1.73882,1.78341,0.716168,31584713.0
2005-11-25,1.79827,1.79827,1.7091,1.73882,0.698262,6097668.0
2005-11-28,1.73882,1.73882,1.63479,1.64965,0.662454,3822700.0
2005-11-29,1.67938,1.67938,1.60507,1.60507,0.644552,1380457.0
2005-11-30,1.61993,1.69424,1.61993,1.67938,0.674393,4373376.0
2005-12-01,1.67938,1.7091,1.56048,1.57535,0.632617,3219810.0
2005-12-02,1.60507,1.61993,1.48617,1.53076,0.614711,3479941.0
2005-12-06,1.54562,1.60507,1.53076,1.59021,0.638584,3555302.0
2005-12-07,1.60507,1.66452,1.60507,1.63479,0.656486,5271251.0
2005-12-08,1.63479,1.67938,1.61993,1.63479,0.656486,2521373.0
2005-12-09,1.63479,1.69424,1.63479,1.67938,0.674393,6760444.0
2005-12-13,1.67938,1.69424,1.56048,1.56048,0.626646,9410065.0
2005-12-14,1.59021,1.60507,1.56048,1.59021,0.638584,1622151.0
2005-12-15,1.60507,1.63479,1.59021,1.59021,0.638584,2203106.0
2005-12-16,1.60507,1.66452,1.60507,1.66452,0.668425,2997629.0
2005-12-19,1.69424,1.81313,1.67938,1.79827,0.722135,14767713.0
2005-12-20,1.78341,1.81313,1.7091,1.7091,0.686327,5891232.0
2005-12-21,1.72396,1.72396,1.67938,1.69424,0.68036,2891450.0
2005-12-22,1.69424,1.73882,1.66452,1.66452,0.668425,3155618.0
2005-12-23,1.67938,1.7091,1.67938,1.69424,0.68036,854005.0
2005-12-26,1.7091,1.7091,1.67938,1.67938,0.674393,679732.0
2005-12-27,1.67938,1.7091,1.67938,1.7091,0.686327,1208203.0
2005-12-28,1.7091,1.7091,1.69424,1.69424,0.68036,747691.0
2005-12-29,1.7091,1.73882,1.7091,1.72396,0.692295,1415984.0
2005-12-30,1.73882,1.75369,1.7091,1.7091,0.686327,1192592.0
2006-01-03,1.7091,1.76855,1.67938,1.75369,0.704233,3201373.0
2006-01-04,1.75369,1.75369,1.72396,1.72396,0.692295,1087.0
2006-01-05,1.72396,1.73882,1.69424,1.69424,0.68036,2172154.0
2006-01-06,1.7091,1.73882,1.69424,1.7091,0.686327,934345.0
2006-01-09,1.7091,1.85772,1.7091,1.85772,0.746009,6663012.0
2006-01-10,1.84286,1.84286,1.78341,1.78341,0.716168,2292597.0
2006-01-11,1.79827,2.03606,1.79827,2.00634,0.805691,45416601.0
2006-01-12,2.03606,2.15495,1.94689,1.99147,0.799719,38225521.0
2006-01-13,1.99147,2.08064,1.94689,2.00634,0.805691,22603266.0
2006-01-16,1.99147,2.00634,1.91717,1.93203,0.77585,3712215.0
2006-01-17,1.96175,1.96175,1.88744,1.93203,0.77585,1995593.0
2006-01-18,1.93203,1.93203,1.84286,1.85772,0.746009,763033.0
2006-01-19,1.87258,1.88744,1.85772,1.88744,0.757944,559019.0
2006-01-20,1.9023,1.93203,1.88744,1.91717,0.769883,910795.0
2006-01-23,1.91717,1.91717,1.87258,1.87258,0.751976,1411947.0
2006-01-24,1.85772,1.91717,1.85772,1.87258,0.751976,3879087.0
2006-01-25,1.88744,1.9023,1.88744,1.9023,0.763911,432251.0
2006-01-26,1.91717,1.97661,1.91717,1.97661,0.793752,5184855.0
2006-01-27,2.00634,2.2144,2.00634,2.15495,0.865368,26926714.0
2006-01-30,2.09551,2.14009,2.0212,2.06578,0.82956,11682342.0
2006-01-31,2.06578,2.12523,2.00634,2.03606,0.817625,8038490.0
2006-02-01,2.03606,2.05092,2.0212,2.0212,0.811658,1976215.0
2006-02-02,2.03606,2.05092,1.94689,1.97661,0.793752,3153061.0
2006-02-03,2.03606,2.05092,1.94689,1.97661,0.793752,3153.0
2006-02-06,2.00634,2.0212,1.97661,2.00634,0.805691,339529.0
2006-02-07,2.0212,2.11037,2.0212,2.08064,0.835527,1935304.0
2006-02-08,2.09551,2.14009,2.05092,2.09551,0.841499,4839539.0
2006-02-09,2.12523,2.19954,2.00634,2.00634,0.805691,13294131.0
2006-02-10,2.05092,2.06578,2.05092,2.06578,0.82956,3373628.0
2006-02-13,,,,,,
2006-02-14,2.05092,2.05092,1.91717,1.99147,0.799719,3894159.0
2006-02-15,1.97661,2.03606,1.97661,1.99147,0.799719,983868.0
2006-02-16,1.97661,2.00634,1.94689,1.97661,0.793752,1270376.0
2006-02-17,1.99147,2.03606,1.99147,1.99147,0.799719,1250997.0
2006-02-20,1.97661,2.00634,1.97661,1.97661,0.793752,1519471.0
2006-02-21,1.99147,2.03606,1.97661,1.99147,0.799719,901913.0
2006-02-22,1.99147,2.00634,1.97661,1.97661,0.793752,508689.0
2006-02-23,1.97661,2.05092,1.97661,2.03606,0.817625,1569398.0
2006-02-24,2.12523,2.15495,2.09551,2.14009,0.859401,8590915.0
2006-02-27,2.14009,2.18468,2.08064,2.15495,0.865368,1697378.0
2006-02-28,2.11037,2.14009,2.08064,2.11037,0.847466,3552207.0
2006-03-01,2.11037,2.12523,2.09551,2.09551,0.841499,925598.0
2006-03-02,2.11037,2.15495,2.11037,2.11037,0.847466,2775448.0
2006-03-03,2.14009,2.14009,2.11037,2.11037,0.847466,1798174.0
2006-03-06,2.14009,2.15495,2.14009,2.14009,0.859401,328360.0
2006-03-07,2.16981,2.18468,2.14009,2.14009,0.859401,903259.0
2006-03-08,2.15495,2.15495,2.14009,2.15495,0.865368,182886.0
2006-03-09,2.15495,2.18468,2.14009,2.16981,0.871336,817131.0
2006-03-10,2.14009,2.16981,2.12523,2.12523,0.853433,782546.0
2006-03-13,2.12523,2.14009,2.12523,2.12523,0.853433,98239.0
2006-03-14,2.11037,2.12523,2.09551,2.11037,0.847466,373173.0
2006-03-15,2.11037,2.12523,2.11037,2.11037,0.847466,95951.0
2006-03-16,2.12523,2.15495,2.12523,2.12523,0.853433,306828.0
2006-03-17,2.12523,2.12523,2.12523,2.12523,0.853433,14803.0
2006-03-20,2.14009,2.14009,2.14009,2.14009,0.859401,2019.0
2006-03-21,2.14009,2.66025,2.14009,2.60081,1.044413,80018052.0
2006-03-22,2.64539,2.97235,2.42246,2.5265,1.014573,116675521.0
2006-03-23,2.5265,2.54136,2.39274,2.42246,0.972793,19817590.0
2006-03-24,2.43733,2.67511,2.4076,2.4076,0.966825,43161415.0
2006-03-27,2.43733,2.45219,2.36302,2.37788,0.954891,3690953.0
2006-03-28,2.37788,2.61567,2.37788,2.45219,0.984732,14661938.0
2006-03-29,2.48191,2.55622,2.42246,2.45219,0.984732,4697429.0
2006-03-30,2.49677,2.5265,2.43733,2.46705,0.990699,3061551.0
2006-03-31,2.48191,2.49677,2.45219,2.46705,0.990699,1982405.0
2006-04-03,2.45219,2.49677,2.4076,2.46705,0.990699,1196091.0
2006-04-04,2.49677,2.64539,2.48191,2.60081,1.044413,17090858.0
2006-04-05,2.66025,2.73456,2.58594,2.60081,1.044413,19780717.0
2006-04-06,,,,,,
2006-04-07,2.60081,2.63053,2.60081,2.63053,1.056348,1068111.0
2006-04-10,2.63053,2.63053,2.60081,2.60081,1.044413,1059095.0
2006-04-11,2.61567,2.66025,2.54136,2.55622,1.026507,12217945.0
2006-04-12,2.57108,2.61567,2.57108,2.61567,1.050381,577725.0
2006-04-13,,,,,,
2006-04-14,,,,,,
2006-04-17,2.63053,2.64539,2.60081,2.60081,1.044413,1219238.0
2006-04-18,2.61567,2.63053,2.60081,2.60081,1.044413,958165.0
2006-04-19,,,,,,
2006-04-20,2.61567,2.64539,2.60081,2.60081,1.044413,1127055.0
2006-04-21,2.60081,2.64539,2.60081,2.63053,1.056348,1152220.0
2006-04-24,2.63053,2.64539,2.60081,2.60081,1.044413,627113.0
2006-04-25,2.60081,2.61567,2.58594,2.60081,1.044413,594816.0
2006-04-26,2.45219,2.46705,2.42246,2.42246,1.053832,1255034.0
2006-04-27,2.43733,2.43733,2.42246,2.42246,1.053832,186115.0
2006-04-28,2.45219,2.45219,2.45219,2.45219,1.066765,47101.0
2006-05-01,,,,,,
2006-05-02,2.42246,2.45219,2.42246,2.43733,1.0603,111696.0
2006-05-03,2.42246,2.45219,2.42246,2.43733,1.0603,118021.0
2006-05-04,2.43733,2.43733,2.42246,2.42246,1.053832,61366.0
2006-05-05,,,,,,
2006-05-08,2.42246,2.43733,2.22926,2.42246,1.053832,1155046.0
2006-05-09,2.42246,2.57108,2.4076,2.51164,1.092627,524837.0
2006-05-10,2.49677,2.58594,2.49677,2.5265,1.099092,824129.0
2006-05-11,2.5265,2.5265,2.51164,2.51164,1.092627,141033.0
2006-05-12,,,,,,
2006-05-15,2.5265,2.5265,2.48191,2.48191,1.079694,34989.0
2006-05-16,2.46705,2.46705,2.43733,2.43733,1.0603,416.0
2006-05-17,2.48191,2.55622,2.48191,2.48191,1.079694,1398221.0
2006-05-18,2.48191,2.48191,2.4076,2.45219,1.066765,454724.0
2006-05-19,2.43733,2.43733,2.4076,2.4076,1.047367,53829.0
2006-05-22,2.39274,2.4076,2.37788,2.37788,1.034438,214107.0
2006-05-23,2.37788,2.39274,2.36302,2.37788,1.034438,212761.0
2006-05-24,2.37788,2.43733,2.33329,2.36302,1.027974,270359.0
2006-05-25,2.34816,2.34816,2.31843,2.31843,1.008576,382458.0
2006-05-26,2.34816,2.37788,2.34816,2.36302,1.027974,142648.0
2006-05-29,2.33329,2.37788,2.30357,2.37788,1.034438,47101.0
2006-05-30,2.39274,2.60081,2.37788,2.37788,1.034438,51138.0
2006-05-31,2.49677,2.49677,2.34816,2.34816,1.021509,67960.0
2006-06-01,2.37788,2.37788,2.34816,2.34816,1.021509,14130.0
2006-06-02,2.36302,2.37788,2.36302,2.37788,1.034438,53829.0
2006-06-05,2.36302,2.36302,2.36302,2.36302,1.027974,13457.0
2006-06-06,2.33329,2.36302,2.33329,2.36302,1.027974,18840.0
2006-06-07,2.37788,2.37788,2.22926,2.34816,1.021509,168755.0
2006-06-08,2.33329,2.33329,2.31843,2.31843,1.008576,17495.0
2006-06-09,2.33329,2.33329,2.31843,2.31843,1.008576,33643.0
2006-06-12,,,,,,
2006-06-13,,,,,,
2006-06-14,2.31843,2.31843,2.28871,2.30357,1.002111,27.0
2006-06-15,2.33329,2.36302,1.87258,2.36302,1.027974,62442.0
2006-06-16,2.34816,2.34816,2.24412,2.24412,0.976249,0.0
2006-06-19,2.25899,2.30357,2.22926,2.30357,1.002111,34047.0
2006-06-20,2.30357,2.30357,2.22926,2.22926,0.969785,578936.0
2006-06-21,2.19954,2.27385,2.19954,2.25899,0.982718,97162.0
2006-06-22,2.24412,2.27385,2.22926,2.27385,0.989182,469393.0
2006-06-23,2.27385,2.27385,2.2144,2.2144,0.96332,0.0
2006-06-26,2.22926,2.22926,2.22926,2.22926,0.969785,1346.0
2006-06-27,2.24412,2.27385,2.22926,2.25899,0.982718,146282.0
2006-06-28,2.25899,2.27385,2.24412,2.27385,0.989182,110350.0
2006-06-29,2.25899,2.25899,2.24412,2.24412,0.976249,245193.0
2006-06-30,2.27385,2.30357,2.24412,2.24412,0.976249,637072.0
2006-07-03,2.24412,2.25899,2.22926,2.25899,0.982718,177637.0
2006-07-04,2.27385,2.30357,2.25899,2.25899,0.982718,161488.0
2006-07-05,2.24412,2.24412,2.19954,2.24412,0.976249,166.0
2006-07-06,2.24412,2.24412,2.22926,2.24412,0.976249,40372.0
2006-07-07,2.24412,2.25899,2.2144,2.22926,0.969785,259727.0
2006-07-10,2.18468,2.22926,2.18468,2.19954,0.956856,98373.0
2006-07-11,,,,,,
2006-07-12,2.19954,2.2144,2.15495,2.15495,0.937458,460242.0
2006-07-13,2.14009,2.14009,2.03606,2.14009,0.930994,475718.0
2006-07-14,2.14009,2.14009,2.11037,2.14009,0.930994,74688.0
2006-07-17,2.12523,2.14009,2.12523,2.14009,0.930994,16956.0
2006-07-18,2.14009,2.19954,2.14009,2.16981,0.943922,83705.0
2006-07-19,2.15495,2.19954,2.14009,2.19954,0.956856,57867.0
2006-07-20,2.19954,2.22926,2.19954,2.2144,0.96332,50196.0
2006-07-21,2.2144,2.22926,2.19954,2.22926,0.969785,186.0
2006-07-24,2.22926,2.79401,2.2144,2.2144,0.96332,468989.0
2006-07-25,2.24412,2.24412,2.19954,2.24412,0.976249,246270.0
2006-07-26,2.25899,2.28871,2.22926,2.25899,0.982718,226353.0
2006-07-27,2.25899,2.31843,2.22926,2.22926,0.969785,648645.0
2006-07-28,2.22926,2.22926,2.19954,2.19954,0.956856,241021.0
2006-07-31,2.19954,2.25899,2.19954,2.2144,0.96332,266456.0
2006-08-01,2.2144,2.25899,2.19954,2.2144,0.96332,330244.0
2006-08-02,2.22926,2.24412,2.2144,2.22926,0.969785,137400.0
2006-08-03,2.22926,2.28871,2.22926,2.25899,0.982718,429828.0
2006-08-04,2.27385,2.27385,2.25899,2.27385,0.989182,58674.0
2006-08-07,2.25899,2.27385,2.24412,2.25899,0.982718,172254.0
2006-08-08,2.27385,2.33329,2.27385,2.30357,1.002111,574630.0
2006-08-09,2.31843,2.31843,2.28871,2.30357,1.002111,74419.0
2006-08-10,2.30357,2.30357,2.27385,2.30357,1.002111,153549.0
2006-08-11,2.30357,2.31843,2.30357,2.31843,1.008576,330244.0
2006-08-14,,,,,,
2006-08-15,2.30357,2.36302,2.30357,2.34816,1.021509,416236.0
2006-08-16,2.36302,2.42246,2.36302,2.42246,1.053832,684980.0
2006-08-17,2.42246,2.42246,2.37788,2.39274,1.040902,126230.0
2006-08-18,2.39274,2.4076,2.39274,2.39274,1.040902,274127.0
2006-08-21,2.4076,2.43733,2.4076,2.42246,1.053832,292159.0
2006-08-22,2.4076,2.42246,2.4076,2.4076,1.047367,111562.0
2006-08-23,2.39274,2.39274,2.37788,2.39274,1.040902,74016.0
2006-08-24,2.4076,2.46705,2.34816,2.34816,1.021509,728851.0
2006-08-25,2.34816,2.34816,2.31843,2.31843,1.008576,215856.0
2006-08-28,2.31843,2.31843,2.30357,2.30357,1.002111,59885.0
2006-08-29,2.37788,2.37788,2.31843,2.33329,1.01504,44409.0
2006-08-30,2.34816,2.34816,2.30357,2.30357,1.002111,13592.0
2006-08-31,2.31843,2.31843,2.31843,2.31843,1.008576,1480.0
2006-09-01,2.36302,2.36302,2.33329,2.33329,1.01504,0.0
2006-09-04,2.33329,2.36302,2.31843,2.34816,1.021509,318132.0
2006-09-05,2.34816,2.37788,2.34816,2.37788,1.034438,8074.0
2006-09-06,2.37788,2.42246,2.37788,2.42246,1.053832,219086.0
2006-09-07,2.34816,2.45219,2.34816,2.39274,1.040902,230121.0
2006-09-08,2.42246,2.43733,2.42246,2.43733,1.0603,24896.0
2006-09-11,2.43733,2.45219,2.43733,2.43733,1.0603,225007.0
2006-09-12,2.42246,2.5265,2.42246,2.45219,1.066765,109678.0
2006-09-13,2.45219,2.46705,2.45219,2.46705,1.073229,281528.0
2006-09-14,2.45219,2.46705,2.4076,2.4076,1.047367,433462.0
2006-09-15,2.42246,2.45219,2.42246,2.45219,1.066765,203745.0
2006-09-18,2.45219,2.46705,2.43733,2.46705,1.073229,114388.0
2006-09-19,2.45219,2.45219,2.42246,2.42246,1.053832,270493.0
2006-09-20,,,,,,
2006-09-21,2.27385,2.39274,2.27385,2.37788,1.034438,763840.0
2006-09-22,2.37788,2.4076,2.30357,2.34816,1.021509,396723.0
2006-09-25,2.34816,2.4076,2.34816,2.37788,1.034438,76572.0
2006-09-26,2.39274,2.42246,2.39274,2.4076,1.047367,211954.0
2006-09-27,2.43733,2.49677,2.42246,2.46705,1.073229,488368.0
2006-09-28,2.49677,2.5265,2.48191,2.48191,1.079694,632900.0
2006-09-29,2.49677,2.5265,2.48191,2.48191,1.079694,632.0
2006-10-02,2.79401,2.80887,2.5265,2.5265,1.099092,3743033.0
2006-10-03,2.5265,2.5265,2.37788,2.39274,1.040902,709876.0
2006-10-04,2.42246,2.43733,2.4076,2.43733,1.0603,22878.0
2006-10-05,2.43733,2.54136,2.43733,2.45219,1.066765,127845.0
2006-10-06,2.46705,2.57108,2.43733,2.57108,1.118485,174.0
2006-10-09,2.57108,2.57108,2.48191,2.48191,1.079694,162834.0
2006-10-10,2.5265,2.5265,2.46705,2.46705,1.073229,236581.0
2006-10-11,2.46705,2.49677,2.46705,2.48191,1.079694,241.0
2006-10-12,2.49677,2.5265,2.49677,2.5265,1.099092,141437.0
2006-10-13,2.54136,2.54136,2.51164,2.5265,1.099092,275069.0
2006-10-16,2.51164,2.5265,2.51164,2.51164,1.092627,106852.0
2006-10-17,2.54136,2.54136,2.51164,2.5265,1.099092,183020.0
2006-10-18,2.54136,2.68998,2.51164,2.51164,1.092627,156240.0
2006-10-19,2.51164,2.5265,2.49677,2.49677,1.086158,121116.0
2006-10-20,2.54136,2.54136,2.49677,2.49677,1.086158,69978.0
2006-10-23,,,,,,
2006-10-24,2.5265,2.5265,2.51164,2.51164,1.092627,26915.0
2006-10-25,2.51164,2.55622,2.48191,2.49677,1.086158,535738.0
2006-10-26,2.46705,2.46705,2.46705,2.46705,1.073229,96.0
2006-10-27,2.51164,2.51164,2.48191,2.48191,1.079694,29606.0
2006-10-30,2.5265,2.60081,2.5265,2.60081,1.131418,812018.0
2006-10-31,2.60081,2.66025,2.60081,2.66025,1.157276,383670.0
2006-11-01,2.66025,2.70484,2.66025,2.68998,1.17021,596027.0
2006-11-02,2.73456,2.74942,2.70484,2.70484,1.176674,1893721.0
2006-11-03,2.70484,2.73456,2.60081,2.68998,1.17021,1764934.0
2006-11-06,2.67511,2.7197,2.66025,2.66025,1.157276,208724.0
2006-11-07,2.68998,2.68998,2.61567,2.61567,1.137883,263764.0
2006-11-08,2.63053,2.66025,2.63053,2.63053,1.144347,216664.0
2006-11-09,2.63053,2.66025,2.63053,2.64539,1.150812,180329.0
2006-11-10,2.64539,2.64539,2.61567,2.63053,1.144347,322977.0
2006-11-13,2.64539,2.67511,2.63053,2.67511,1.163741,319613.0
2006-11-14,2.67511,2.67511,2.64539,2.64539,1.150812,304540.0
2006-11-15,2.64539,2.67511,2.64539,2.67511,1.163741,1982270.0
2006-11-16,2.68998,2.68998,2.66025,2.66025,1.157276,983061.0
2006-11-17,2.66025,2.66025,2.64539,2.64539,1.150812,233082.0
2006-11-20,2.64539,2.64539,2.60081,2.60081,1.131418,536.0
2006-11-21,2.61567,2.61567,2.58594,2.58594,1.124949,267936.0
2006-11-22,2.58594,2.58594,2.58594,2.58594,1.124949,31356.0
2006-11-23,2.60081,2.60081,2.60081,2.60081,1.131418,40372.0
2006-11-24,2.60081,2.60081,2.58594,2.60081,1.131418,121116.0
2006-11-27,2.58594,2.58594,2.58594,2.58594,1.124949,140091.0
2006-11-28,2.55622,2.58594,2.5265,2.58594,1.124949,127845.0
2006-11-29,2.55622,2.57108,2.55622,2.55622,1.11202,203.0
2006-11-30,2.55622,2.55622,2.55622,2.55622,1.11202,26376.0
2006-12-01,2.55622,2.55622,2.54136,2.54136,1.105556,148031.0
2006-12-04,2.60081,2.60081,2.54136,2.54136,1.105556,43064.0
2006-12-05,,,,,,
2006-12-06,2.54136,2.54136,2.5265,2.54136,1.105556,191095.0
2006-12-07,2.54136,2.54136,2.5265,2.54136,1.105556,190825.0
2006-12-08,2.54136,2.54136,2.5265,2.54136,1.105556,262419.0
2006-12-11,,,,,,
2006-12-12,2.54136,2.54136,2.54136,2.54136,1.105556,79802.0
2006-12-13,2.54136,2.54136,2.51164,2.54136,1.105556,363349.0
2006-12-14,2.5265,2.54136,2.51164,2.54136,1.105556,94202.0
2006-12-15,2.57108,2.57108,2.5265,2.5265,1.099092,0.0
2006-12-18,2.5265,2.60081,2.5265,2.55622,1.11202,237.0
2006-12-19,2.54136,2.54136,1.79827,2.43733,1.0603,567.0
2006-12-20,1.78341,2.58594,1.78341,2.57108,1.118485,83.0
2006-12-21,2.58594,2.58594,2.58594,2.58594,1.124949,3903.0
2006-12-22,2.57108,2.58594,2.57108,2.58594,1.124949,28.0
2006-12-25,2.54136,2.58594,2.54136,2.54136,1.105556,73477.0
2006-12-26,2.5265,2.5265,2.48191,2.48191,1.079694,152068.0
2006-12-27,2.57108,2.57108,2.46705,2.46705,1.073229,0.0
2006-12-28,2.54136,2.58594,2.54136,2.55622,1.11202,571804.0
2006-12-29,2.5265,2.5265,2.5265,2.5265,1.099092,12112.0
2007-01-03,2.5265,2.5265,2.30357,2.30357,1.002111,0.0
2007-01-04,2.57108,2.57108,2.49677,2.49677,1.086158,0.0
2007-01-05,2.51164,2.5265,2.5265,2.5265,1.099092,5383.0
2007-01-08,2.5265,2.5265,2.5265,2.5265,1.099092,26915.0
2007-01-09,2.49677,2.49677,2.37788,2.49677,1.086158,30414.0
2007-01-10,2.49677,2.49677,2.46705,2.46705,1.073229,14938.0
2007-01-11,2.45962,2.46705,2.37788,2.43733,1.0603,85993.0
2007-01-12,2.39274,2.48191,2.39274,2.39274,1.040902,1.0
2007-01-15,2.5265,2.5265,2.5265,2.5265,1.099092,269.0
2007-01-16,2.49677,2.49677,2.37788,2.37788,1.034438,0.0
2007-01-17,2.49677,2.49677,2.37788,2.37788,1.034438,0.0
2007-01-18,2.51164,2.51164,2.37788,2.37788,1.034438,0.0
2007-01-19,2.49677,2.49677,2.49677,2.49677,1.086158,6729.0
2007-01-22,2.51164,2.51164,2.37788,2.37788,1.034438,0.0
2007-01-23,2.49677,2.49677,2.39274,2.39274,1.040902,0.0
2007-01-24,2.48191,2.48191,2.48191,2.48191,1.079694,6729.0
2007-01-25,2.48191,2.48191,2.48191,2.48191,1.079694,13457.0
2007-01-26,2.48191,2.48191,2.43733,2.43733,1.0603,0.0
2007-01-29,2.48191,2.48191,2.39274,2.39274,1.040902,0.0
2007-01-30,2.46705,2.46705,2.45219,2.45219,1.066765,17.0
2007-01-31,2.45219,2.45219,2.45219,2.45219,1.066765,39699.0
2007-02-01,2.45219,2.45219,2.4076,2.4076,1.047367,531566.0
2007-02-02,2.4076,2.4076,2.37788,2.37788,1.034438,53829.0
2007-02-05,2.45219,2.45219,2.33329,2.33329,1.01504,0.0
2007-02-06,2.37788,2.37788,2.37788,2.37788,1.034438,4037.0
2007-02-07,2.34816,2.34816,2.31843,2.31843,1.008576,55175.0
2007-02-08,2.37788,2.43733,2.33329,2.43733,1.0603,22205.0
2007-02-09,2.43733,2.43733,2.33329,2.33329,1.01504,0.0
2007-02-12,2.36302,2.36302,2.36302,2.36302,1.027974,269.0
2007-02-13,2.43733,2.43733,2.43733,2.43733,1.0603,16687.0
2007-02-14,2.43733,2.43733,2.37788,2.37788,1.034438,0.0
2007-02-15,2.37788,2.37788,2.36302,2.36302,1.027974,35797.0
2007-02-16,2.36302,2.36302,2.36302,2.36302,1.027974,33374.0
2007-02-19,2.45219,2.45219,2.36302,2.36302,1.027974,0.0
2007-02-20,2.51164,2.51164,2.37788,2.37788,1.034438,0.0
2007-02-21,2.36302,2.51164,2.36302,2.51164,1.092627,27318.0
2007-02-22,2.49677,2.49677,2.34816,2.34816,1.021509,0.0
2007-02-23,2.51164,2.51164,2.34816,2.34816,1.021509,0.0
2007-02-26,2.49677,2.49677,2.36302,2.36302,1.027974,0.0
2007-02-27,2.37788,2.43733,2.36302,2.43733,1.0603,21801.0
2007-02-28,2.37788,2.37788,2.34816,2.34816,1.021509,74016.0
2007-03-01,2.36302,2.37788,2.24412,2.37788,1.034438,122462.0
2007-03-02,2.37788,2.37788,2.37788,2.37788,1.034438,7267.0
2007-03-06,2.39274,2.39274,2.39274,2.39274,1.040902,404.0
2007-03-07,2.42246,2.42246,2.37788,2.37788,1.034438,13996.0
2007-03-08,2.37788,2.37788,2.33329,2.33329,1.01504,27049.0
2007-03-09,2.37788,2.37788,2.37788,2.37788,1.034438,404.0
2007-03-12,2.37788,2.37788,2.37788,2.37788,1.034438,135.0
2007-03-13,2.30357,2.36302,2.28871,2.34816,1.021509,34316.0
2007-03-14,2.45219,2.45219,2.33329,2.33329,1.01504,69844.0
2007-03-15,2.37788,2.37788,2.37788,2.37788,1.034438,13457.0
2007-03-16,2.37788,2.37788,2.34816,2.34816,1.021509,67825.0
2007-03-19,2.33329,2.33329,2.33329,2.33329,1.01504,13457.0
2007-03-20,2.34816,2.34816,2.31843,2.31843,1.008576,0.0
2007-03-21,2.43733,2.43733,2.33329,2.33329,1.01504,0.0
2007-03-22,2.36302,2.36302,2.36302,2.36302,1.027974,1346.0
2007-03-23,2.34816,2.34816,2.33329,2.33329,1.01504,13861.0
2007-03-26,2.39274,2.39274,2.36302,2.36302,1.027974,0.0
2007-03-27,2.45219,2.63053,2.2144,2.24412,0.976249,7986545.0
2007-03-28,2.25899,2.25899,2.18468,2.18468,0.950391,467240.0
2007-03-29,2.16981,2.2144,2.15495,2.15495,0.937458,122866.0
2007-03-30,2.16981,2.16981,2.15495,2.15495,0.937458,80744.0
2007-04-02,2.22926,2.22926,2.19954,2.2144,0.96332,110216.0
2007-04-03,2.22926,2.24412,2.2144,2.2144,0.96332,239541.0
2007-04-04,2.24412,2.28871,2.24412,2.27385,0.989182,213434.0
2007-04-05,2.27385,2.27385,2.24412,2.25899,0.982718,452975.0
2007-04-09,2.22926,2.22926,2.15495,2.15495,1.013747,149377.0
2007-04-10,2.16981,2.16981,2.08064,2.12523,0.999766,422427.0
2007-04-11,2.09551,2.16981,2.09551,2.15495,1.013747,515148.0
2007-04-12,2.15495,2.27385,2.15495,2.27385,1.069681,363080.0
2007-04-17,2.27385,2.45219,2.25899,2.45219,1.153577,1808670.0
2007-04-18,2.43733,2.48191,2.39274,2.4076,1.132601,1669521.0
2007-04-19,2.39274,2.5265,2.39274,2.51164,1.181544,5573369.0
2007-04-20,2.51164,2.51164,2.37788,2.37788,1.11862,4924724.0
2007-04-23,2.43733,2.43733,2.37788,2.37788,1.11862,1017915.0
2007-04-24,2.08064,2.08064,1.87258,1.93203,0.90888,1146972.0
2007-04-25,1.93203,1.93203,1.88744,1.88744,0.887903,167679.0
2007-04-26,1.88744,1.96175,1.88744,1.93203,0.90888,1578280.0
2007-04-27,1.94689,1.96175,1.93203,1.94689,0.91587,803136.0
2007-04-30,1.87258,1.99147,1.87258,1.99147,0.936842,1531583.0
2007-05-02,2.0212,2.05092,1.93203,1.93203,0.90888,5169514.0
2007-05-03,1.96175,1.96175,1.9023,1.9023,0.894894,588625.0
2007-05-04,1.91717,1.93203,1.9023,1.91717,0.901889,339799.0
2007-05-08,1.91717,1.91717,1.9023,1.9023,0.894894,268609.0
2007-05-09,1.93203,1.97661,1.91717,1.94689,0.91587,1464835.0
2007-05-10,1.93203,2.00634,1.91717,2.00634,0.943837,1360002.0
2007-05-11,2.00634,2.00634,1.99147,1.99147,0.936842,675022.0
2007-05-14,1.97661,1.97661,1.91717,1.94689,0.91587,1908793.0
2007-05-15,1.93203,1.96175,1.91717,1.96175,0.922861,865982.0
2007-05-16,1.97661,2.05092,1.97661,1.99147,0.936842,7759922.0
2007-05-17,2.00634,2.0212,1.97661,1.99147,0.936842,1140108.0
2007-05-18,1.99147,2.00634,1.97661,2.00634,0.943837,962336.0
2007-05-21,1.99147,1.99147,1.9023,1.93203,0.90888,2687571.0
2007-05-22,1.93203,1.94689,1.88744,1.91717,0.901889,695477.0
2007-05-23,1.9023,1.93203,1.9023,1.9023,0.894894,959914.0
2007-05-24,1.91717,1.93203,1.87258,1.91717,0.901889,794523.0
2007-05-25,1.88744,1.9023,1.88744,1.9023,0.894894,121251.0
2007-05-28,1.91717,1.91717,1.87258,1.9023,0.894894,649856.0
2007-05-29,1.9023,1.9023,1.87258,1.88744,0.887903,538968.0
2007-05-30,1.88744,1.93203,1.88744,1.91717,0.901889,1548001.0
2007-06-01,1.91717,1.91717,1.91717,1.91717,0.901889,869615.0
2007-06-04,1.91717,1.93203,1.87258,1.87258,0.880913,441805.0
2007-06-05,1.91717,1.91717,1.87258,1.88744,0.887903,204821.0
2007-06-06,1.9023,1.9023,1.87258,1.88744,0.887903,222450.0
2007-06-07,1.88744,1.91717,1.88744,1.9023,0.894894,473565.0
2007-06-08,1.9023,1.93203,1.9023,1.9023,0.894894,586607.0
2007-06-11,1.9023,1.91717,1.85772,1.85772,0.873922,1684593.0
2007-06-12,1.87258,1.88744,1.84286,1.85772,0.873922,224200.0
2007-06-13,1.85772,1.85772,1.78341,1.81313,0.852946,236581.0
2007-06-14,1.82799,1.91717,1.78341,1.79827,0.845955,145340.0
2007-06-15,1.81313,1.81313,1.76855,1.79827,0.845955,259727.0
2007-06-18,1.79827,1.81313,1.79827,1.79827,0.845955,53829.0
2007-06-19,1.79827,1.82799,1.78341,1.82799,0.859936,228641.0
2007-06-20,1.82799,1.82799,1.78341,1.78341,0.838965,314902.0
2007-06-21,1.79827,1.81313,1.78341,1.78341,0.838965,1048194.0
2007-06-22,1.79827,1.79827,1.78341,1.78341,0.838965,215991.0
2007-06-25,1.78341,1.79827,1.78341,1.79827,0.845955,283547.0
2007-06-26,1.78341,1.78341,1.76855,1.76855,0.831974,99181.0
2007-06-27,1.76855,1.81313,1.75369,1.81313,0.852946,3279022.0
2007-06-28,1.81313,1.81313,1.78341,1.78341,0.838965,3584236.0
2007-06-29,1.78341,1.81313,1.78341,1.78341,0.838965,3056841.0
2007-07-02,1.79827,1.79827,1.76855,1.79827,0.845955,105102.0
2007-07-03,1.78341,1.79827,1.76855,1.78341,0.838965,129325.0
2007-07-04,1.78341,1.79827,1.76855,1.76855,0.831974,204283.0
2007-07-05,1.76855,1.76855,1.73882,1.76855,0.831974,380978.0
2007-07-06,1.74626,1.76855,1.75369,1.76855,0.831974,195536.0
2007-07-09,1.75369,1.75369,1.73882,1.73882,0.817988,237.0
2007-07-10,1.73882,1.73882,1.72396,1.73882,0.817988,711895.0
2007-07-11,1.73882,1.75369,1.72396,1.75369,0.824984,357562.0
2007-07-12,1.79827,1.79827,1.75369,1.78341,0.838965,2323953.0
2007-07-13,1.79827,1.81313,1.72396,1.76855,0.831974,1302135.0
2007-07-16,1.76855,1.79827,1.75369,1.78341,0.838965,1164870.0
2007-07-17,1.78341,1.79827,1.78341,1.79827,0.845955,2097465.0
2007-07-18,1.79827,1.79827,1.76855,1.76855,0.831974,622672.0
2007-07-19,1.78341,1.79827,1.76855,1.79827,0.845955,177503.0
2007-07-20,1.79827,1.79827,1.76855,1.78341,0.838965,370078.0
2007-07-23,1.76855,1.85772,1.76855,1.79827,0.845955,4963885.0
2007-07-24,1.82799,1.82799,1.76855,1.78341,0.838965,1163524.0
2007-07-25,1.78341,1.91717,1.78341,1.9023,0.894894,5726245.0
2007-07-26,1.94689,1.96175,1.81313,1.82799,0.859936,2310765.0
2007-07-27,1.79827,1.88744,1.78341,1.82799,0.859936,745807.0
2007-07-31,1.76855,1.88744,1.76855,1.85772,0.873922,1297021.0
2007-08-01,1.82799,1.87258,1.79827,1.84286,0.866932,375595.0
2007-08-02,1.84286,1.84286,1.78341,1.81313,0.852946,271704.0
2007-08-03,1.79827,1.84286,1.79827,1.81313,0.852946,286642.0
2007-08-06,1.78341,1.82799,1.76855,1.79827,0.845955,478813.0
2007-08-07,1.78341,1.87258,1.78341,1.85772,0.873922,2236211.0
2007-08-08,1.85772,1.87258,1.82799,1.84286,0.866932,1413024.0
2007-08-09,1.85772,1.87258,1.78341,1.78341,0.838965,510707.0
2007-08-10,1.7091,1.79827,1.7091,1.76855,0.831974,214241.0
2007-08-14,1.79827,1.84286,1.79827,1.81313,0.852946,204148.0
2007-08-15,1.79827,1.84286,1.75369,1.75369,0.824984,1568995.0
2007-08-16,1.73882,1.78341,1.69424,1.73882,0.817988,728044.0
2007-08-17,1.75369,1.85772,1.7091,1.84286,0.866932,476.0
2007-08-20,1.87258,1.87258,1.82799,1.85772,0.873922,2498899.0
2007-08-21,1.87258,1.88744,1.82799,1.85772,0.873922,1372248.0
2007-08-22,1.85772,1.87258,1.84286,1.84286,0.866932,329706.0
2007-08-23,1.84286,1.87258,1.84286,1.84286,0.866932,304944.0
2007-08-24,1.84286,1.85772,1.82799,1.84286,0.866932,275876.0
2007-08-27,1.85772,1.85772,1.82799,1.82799,0.859936,168217.0
2007-08-28,1.82799,1.91717,1.82799,1.9023,0.894894,1777584.0
2007-08-29,1.9023,2.06578,1.9023,2.06578,0.971799,12358575.0
2007-08-30,2.11037,2.16981,2.08064,2.08064,0.97879,9203898.0
2007-08-31,2.09551,2.14009,2.09551,2.14009,1.006757,2403217.0
2007-09-03,2.14009,2.15495,2.06578,2.11037,0.992776,976736.0
2007-09-04,2.08064,2.15495,2.06578,2.06578,0.971799,4117417.0
2007-09-05,2.09551,2.11037,2.05092,2.05092,0.964809,989117.0
2007-09-06,2.05092,2.09551,2.05092,2.05092,0.964809,401568.0
2007-09-07,2.05092,2.06578,2.0212,2.06578,0.971799,143321.0
2007-09-10,2.05092,2.05092,2.00634,2.03606,0.957818,136861.0
2007-09-11,2.03606,2.06578,1.97661,1.99147,0.936842,563191.0
2007-09-12,1.99147,2.05092,1.96175,2.05092,0.964809,804885.0
2007-09-13,2.05092,2.09551,2.00634,2.09551,0.985785,2534023.0
2007-09-14,2.11037,2.14009,2.09551,2.09551,0.985785,6170338.0
2007-09-17,2.12523,2.14009,2.09551,2.12523,0.999766,3594059.0
2007-09-18,2.12523,2.12523,2.09551,2.11037,0.992776,843104.0
2007-09-19,2.14009,2.18468,1.84286,1.88744,0.887903,17342242.0
2007-09-20,1.88744,1.96175,1.85772,1.96175,0.922861,2173365.0
2007-09-21,1.9023,1.97661,1.87258,1.87258,0.880913,1344391.0
2007-09-24,1.88744,1.88744,1.84286,1.88744,0.887903,1333356.0
2007-09-25,1.88744,1.88744,1.84286,1.84286,0.866932,711087.0
2007-09-26,1.87258,1.87258,1.84286,1.84286,0.866932,429021.0
2007-09-27,1.85772,1.85772,1.82799,1.82799,0.859936,613252.0
2007-09-28,1.82799,1.88744,1.81313,1.81313,0.852946,604370.0
2007-10-01,1.82799,1.82799,1.79827,1.81313,0.852946,997729.0
2007-10-02,1.84286,1.84286,1.81313,1.81313,0.852946,241291.0
2007-10-03,1.81313,1.82799,1.76855,1.81313,0.852946,1220852.0
2007-10-04,1.81313,1.81313,1.75369,1.78341,0.838965,1224217.0
2007-10-05,1.78341,1.78341,1.78341,1.78341,0.838965,4037.0
2007-10-08,1.79827,1.81313,1.78341,1.79827,0.845955,79937.0
2007-10-09,1.79827,1.81313,1.78341,1.81313,0.852946,150453.0
2007-10-10,1.82799,1.82799,1.79827,1.81313,0.852946,84781.0
2007-10-11,1.79827,1.85772,1.79827,1.82799,0.859936,439518.0
2007-10-12,1.82799,1.82799,1.81313,1.81313,0.852946,120443.0
2007-10-15,1.81313,1.81313,1.79827,1.79827,0.845955,139957.0
2007-10-16,1.79827,1.79827,1.76855,1.76855,0.831974,193652.0
2007-10-17,1.78341,1.81313,1.75369,1.78341,0.838965,470335.0
2007-10-18,1.79827,1.79827,1.78341,1.78341,0.838965,154356.0
2007-10-19,1.76855,1.78341,1.75369,1.76855,0.831974,669504.0
2007-10-22,1.75369,1.76855,1.73882,1.76855,0.831974,445.0
2007-10-24,1.76855,1.79827,1.75369,1.79827,0.845955,296466.0
2007-10-25,1.79827,1.85772,1.78341,1.84286,0.866932,1165946.0
2007-10-26,1.84286,1.87258,1.81313,1.85772,0.873922,1235386.0
2007-10-29,1.88744,1.88744,1.84286,1.85772,0.873922,334146.0
2007-10-30,1.85772,1.88744,1.81313,1.81313,0.852946,802867.0
2007-10-31,1.81313,1.85772,1.81313,1.85772,0.873922,762360.0
2007-11-01,1.85772,1.88744,1.84286,1.84286,0.866932,1583259.0
2007-11-02,1.82799,1.96175,1.82799,1.96175,0.922861,6416339.0
2007-11-05,1.97661,2.00634,1.88744,1.88744,0.887903,6122699.0
2007-11-06,1.9023,1.96175,1.87258,1.87258,0.880913,5991624.0
2007-11-07,1.9023,1.9023,1.85772,1.85772,0.873922,801386.0
2007-11-08,1.85772,1.87258,1.84286,1.87258,0.880913,288661.0
2007-11-09,1.87258,1.94689,1.84286,1.94689,0.91587,3427996.0
2007-11-12,1.93203,1.93203,1.9023,1.93203,0.90888,398069.0
2007-11-13,1.93203,1.96175,1.9023,1.91717,0.901889,1480311.0
2007-11-14,1.91717,1.94689,1.88744,1.91717,0.901889,712299.0
2007-11-15,1.9023,1.9023,1.79827,1.79827,0.845955,1823070.0
2007-11-16,1.84286,1.84286,1.79827,1.81313,0.852946,114388.0
2007-11-19,1.79827,1.81313,1.79827,1.79827,0.845955,334281.0
2007-11-20,1.78341,1.78341,1.76855,1.78341,0.838965,262419.0
2007-11-21,1.76855,1.79827,1.73882,1.79827,0.845955,373307.0
2007-11-22,1.76855,1.79827,1.75369,1.75369,0.824984,79533.0
2007-11-23,1.72396,1.78341,1.72396,1.76855,0.831974,92856.0
2007-11-26,1.74626,1.76855,1.75369,1.75369,0.824984,254210.0
2007-11-27,1.76855,1.81313,1.72396,1.72396,0.810998,171043.0
2007-11-28,1.75369,1.75369,1.72396,1.72396,0.810998,102.0
2007-11-29,1.72396,1.73882,1.72396,1.73882,0.817988,64192.0
2007-11-30,1.72396,1.73882,1.66452,1.7091,0.804007,246539.0
2007-12-03,1.7091,1.73882,1.7091,1.7091,0.804007,68498.0
2007-12-04,1.7091,1.75369,1.63479,1.64965,0.77604,435077.0
2007-12-06,1.67938,1.67938,1.66452,1.66452,0.783036,106313.0
2007-12-07,1.66452,1.69424,1.66452,1.69424,0.797017,224065.0
2007-12-11,1.69424,1.69424,1.69424,1.69424,0.797017,269.0
2007-12-12,1.69424,1.69424,1.64965,1.64965,0.77604,48312.0
2007-12-13,1.66452,1.66452,1.57535,1.63479,0.76905,254344.0
2007-12-14,1.64965,1.64965,1.63479,1.64965,0.77604,40372.0
2007-12-17,1.61993,1.64965,1.57535,1.61993,0.762059,436692.0
2007-12-18,1.60507,1.61993,1.60507,1.61993,0.762059,238599.0
2007-12-19,1.63479,1.63479,1.61993,1.61993,0.762059,324188.0
2007-12-20,1.61993,1.63479,1.60507,1.60507,0.755069,520531.0
2007-12-21,1.61993,1.61993,1.60507,1.61993,0.762059,997326.0
2007-12-24,,,,,,
2007-12-25,1.61993,1.64965,1.61993,1.61993,0.762059,225949.0
2007-12-26,1.63479,1.64965,1.63479,1.63479,0.76905,517032.0
2007-12-27,1.64965,1.69424,1.64965,1.64965,0.77604,140226.0
2007-12-28,1.64965,1.72396,1.64965,1.7091,0.804007,239272.0
2008-01-02,1.63479,1.7091,1.63479,1.69424,0.797017,70361.0
2008-01-03,1.69424,1.7091,1.66452,1.7091,0.804007,74016.0
2008-01-04,1.72396,1.72396,1.69424,1.72396,0.810998,44948.0
2008-01-07,1.66452,1.67938,1.64965,1.67938,0.790026,66883.0
2008-01-08,1.69424,1.69424,1.67938,1.67938,0.790026,161488.0
2008-01-09,1.7091,1.73882,1.69424,1.69424,0.797017,78591.0
2008-01-10,1.69424,1.69424,1.66452,1.66452,0.783036,7267.0
2008-01-11,1.67938,1.69424,1.64965,1.69424,0.797017,95144.0
2008-01-14,1.66452,1.69424,1.61993,1.69424,0.797017,79668.0
2008-01-15,1.66452,1.69424,1.66452,1.69424,0.797017,44948.0
2008-01-16,1.64965,1.67938,1.64965,1.64965,0.77604,1.0
2008-01-17,1.69424,1.69424,1.69424,1.69424,0.797017,12785.0
2008-01-18,1.67938,1.7091,1.67938,1.7091,0.804007,140226.0
2008-01-21,1.72396,1.72396,1.67938,1.7091,0.804007,129191.0
2008-01-22,1.63479,1.72396,1.60507,1.72396,0.810998,160681.0
2008-01-23,1.66452,1.69424,1.66452,1.69424,0.797017,241156.0
2008-01-24,1.64965,1.67938,1.64965,1.67938,0.790026,20186.0
2008-01-25,1.67938,1.67938,1.67938,1.67938,0.790026,13457.0
2008-01-28,1.69424,1.69424,1.60507,1.60507,0.755069,0.0
2008-01-29,1.66452,1.67938,1.63479,1.67938,0.790026,33778.0
2008-01-30,1.67938,1.67938,1.67938,1.67938,0.790026,10631.0
2008-01-31,1.69424,1.69424,1.69424,1.69424,0.797017,135.0
2008-02-01,1.69424,1.7091,1.64965,1.69424,0.797017,28126.0
2008-02-04,1.67938,1.69424,1.66452,1.69424,0.797017,280586.0
2008-02-05,1.69424,1.72396,1.67938,1.72396,0.810998,200649.0
2008-02-06,1.73882,1.73882,1.69424,1.73882,0.817988,183155.0
2008-02-07,1.75369,1.81313,1.7091,1.75369,0.824984,3079.0
2008-02-08,1.75369,1.78341,1.72396,1.78341,0.838965,663.0
2008-02-11,1.76855,1.79827,1.75369,1.78341,0.838965,259727.0
2008-02-12,1.78341,1.78341,1.72396,1.72396,0.810998,346393.0
2008-02-13,1.75369,1.78341,1.72396,1.73882,0.817988,417.0
2008-02-14,1.75369,1.75369,1.75369,1.75369,0.824984,132.0
2008-02-15,1.73882,1.76855,1.69424,1.72396,0.810998,253133.0
2008-02-18,1.76855,1.76855,1.72396,1.73882,0.817988,150184.0
2008-02-19,1.75369,1.76855,1.69424,1.69424,0.797017,300.0
2008-02-20,1.72396,1.82799,1.69424,1.81313,0.852946,1299847.0
2008-02-22,1.76855,1.79827,1.75369,1.76855,0.831974,377479.0
2008-02-25,1.78341,1.78341,1.72396,1.76855,0.831974,252326.0
2008-02-26,1.75369,1.78341,1.75369,1.78341,0.838965,834.0
2008-02-27,1.78341,1.82799,1.72396,1.79827,0.845955,1596851.0
2008-02-28,1.81313,1.81313,1.75369,1.78341,0.838965,280586.0
2008-02-29,1.76855,1.79827,1.75369,1.79827,0.845955,717547.0
2008-03-03,1.79827,1.79827,1.78341,1.79827,0.845955,548926.0
2008-03-04,1.79827,1.84286,1.78341,1.78341,0.838965,1102428.0
2008-03-05,1.78341,1.82799,1.78341,1.79827,0.845955,595085.0
2008-03-06,1.79827,1.81313,1.79827,1.81313,0.852946,158393.0
2008-03-07,1.79827,1.84286,1.78341,1.78341,0.838965,698572.0
2008-03-10,1.81313,1.82799,1.75369,1.78341,0.838965,357024.0
2008-03-11,1.79827,1.79827,1.76855,1.76855,0.831974,798426.0
2008-03-12,1.63479,1.64965,1.59021,1.59021,0.827634,610830.0
2008-03-13,1.61993,1.61993,1.60507,1.61993,0.843102,113715.0
2008-03-14,1.59021,1.60507,1.57535,1.59021,0.827634,135785.0
2008-03-17,1.59021,1.59021,1.56048,1.59021,0.827634,103622.0
2008-03-18,1.59021,1.59021,1.54562,1.56048,0.812161,100123.0
2008-03-19,1.56048,1.57535,1.53076,1.57535,0.8199,324457.0
2008-03-20,1.53076,1.57535,1.53076,1.56048,0.812161,226488.0
2008-03-21,1.56048,1.56048,1.54562,1.56048,0.812161,45890.0
2008-03-24,1.57535,1.57535,1.57535,1.57535,0.8199,135.0
2008-03-25,1.57535,1.59021,1.56048,1.59021,0.827634,213030.0
2008-03-26,1.54562,1.59021,1.54562,1.59021,0.827634,79802.0
2008-03-27,1.59021,1.59021,1.57535,1.59021,0.827634,5787.0
2008-03-28,1.59021,1.59021,1.53076,1.59021,0.827634,111158.0
2008-03-31,1.57535,1.61993,1.56048,1.61993,0.843102,346662.0
2008-04-01,1.59021,1.63479,1.59021,1.61993,0.843102,27049.0
2008-04-02,1.61993,1.63479,1.60507,1.61993,0.843102,8478.0
2008-04-03,1.61993,1.61993,1.57535,1.60507,0.835368,16418.0
2008-04-04,1.59021,1.61993,1.59021,1.61993,0.843102,166871.0
2008-04-08,1.60507,1.63479,1.59021,1.60507,0.835368,295928.0
2008-04-09,1.59021,1.61993,1.54562,1.60507,0.835368,320016.0
2008-04-10,1.60507,1.61993,1.60507,1.60507,0.835368,57059.0
2008-04-11,1.60507,1.61993,1.60507,1.61993,0.843102,15745.0
2008-04-16,1.60507,1.60507,1.60507,1.60507,0.835368,70651.0
2008-04-17,1.61993,1.61993,1.61993,1.61993,0.843102,62711.0
2008-04-18,1.61993,1.61993,1.60507,1.60507,0.835368,161488.0
2008-04-21,1.59021,1.61993,1.59021,1.60507,0.835368,215587.0
2008-04-22,1.60507,1.60507,1.56048,1.59021,0.827634,480832.0
2008-04-23,1.60507,1.61993,1.59021,1.60507,0.835368,473161.0
2008-04-24,1.60507,1.7091,1.60507,1.64965,0.858569,2239172.0
2008-04-25,1.66452,1.7091,1.64965,1.7091,0.889511,1586893.0
2008-04-28,1.7091,1.7091,1.66452,1.66452,0.866309,633035.0
2008-04-29,1.66452,1.67938,1.60507,1.67938,0.874043,232274.0
2008-04-30,1.66452,1.67938,1.66452,1.67938,0.874043,88146.0
2008-05-02,1.67938,1.67938,1.66452,1.66452,0.866309,206032.0
2008-05-06,1.66452,1.66452,1.63479,1.64965,0.858569,180598.0
2008-05-07,1.64965,1.67938,1.64965,1.66452,0.866309,274665.0
2008-05-08,1.64965,1.66452,1.60507,1.66452,0.866309,612983.0
2008-05-09,1.66452,1.67938,1.63479,1.66452,0.866309,145205.0
2008-05-12,1.64965,1.66452,1.64965,1.66452,0.866309,61904.0
2008-05-13,1.64965,1.66452,1.64965,1.64965,0.858569,114118.0
2008-05-14,1.64965,1.66452,1.64965,1.66452,0.866309,27588.0
2008-05-15,1.64965,1.64965,1.63479,1.64965,0.858569,16283.0
2008-05-16,1.57535,1.66452,1.57535,1.61993,0.843102,13727.0
2008-05-20,1.61993,1.64965,1.61993,1.64965,0.858569,4576.0
2008-05-21,1.61993,1.61993,1.54562,1.54562,0.804426,904201.0
2008-05-22,1.57535,1.59021,1.54562,1.59021,0.827634,61231.0
2008-05-23,1.56048,1.59021,1.56048,1.59021,0.827634,32836.0
2008-05-26,1.59021,1.59021,1.56048,1.59021,0.827634,143052.0
2008-05-27,1.59021,1.59021,1.56048,1.59021,0.827634,106986.0
2008-05-28,1.59021,1.63479,1.56048,1.59021,0.827634,236581.0
2008-05-29,1.54562,1.60507,1.54562,1.59021,0.827634,118694.0
2008-05-30,1.59021,1.59021,1.57535,1.59021,0.827634,136592.0
2008-06-02,1.57535,1.59021,1.56048,1.59021,0.827634,167275.0
2008-06-03,1.59021,1.59021,1.57535,1.59021,0.827634,7132.0
2008-06-04,1.59021,1.61993,1.56048,1.61993,0.843102,644743.0
2008-06-05,1.61993,1.61993,1.57535,1.61993,0.843102,94336.0
2008-06-06,1.63479,1.64965,1.59021,1.63479,0.850836,120982.0
2008-06-09,1.63479,1.63479,1.61993,1.63479,0.850836,51407.0
2008-06-10,1.63479,1.63479,1.57535,1.63479,0.850836,50734.0
2008-06-11,1.57535,1.64965,1.57535,1.63479,0.850836,251653.0
2008-06-12,1.63479,1.63479,1.59021,1.60507,0.835368,152472.0
2008-06-13,1.60507,1.60507,1.59021,1.60507,0.835368,42525.0
2008-06-16,1.60507,1.60507,1.60507,1.60507,0.835368,269.0
2008-06-17,1.60507,1.60507,1.59021,1.59021,0.827634,145743.0
2008-06-18,1.57535,1.59021,1.12949,1.12949,0.587849,82628.0
2008-06-19,1.41187,1.46388,1.41187,1.45645,0.758017,335088.0
2008-06-20,1.48617,1.57535,1.48617,1.54562,0.804426,336703.0
2008-06-23,1.54562,1.57535,1.5159,1.57535,0.8199,46832.0
2008-06-24,1.57535,1.57535,1.5159,1.57535,0.8199,165256.0
2008-06-25,1.56048,1.56048,1.5159,1.54562,0.804426,51273.0
2008-06-26,1.54562,1.56048,1.54562,1.54562,0.804426,13861.0
2008-06-27,1.53076,1.54562,1.53076,1.54562,0.804426,8747.0
2008-06-30,1.54562,1.54562,1.50104,1.53076,0.796693,27991.0
2008-07-02,1.53076,1.53076,1.53076,1.53076,0.796693,13727.0
2008-07-03,1.53076,1.53076,1.50104,1.53076,0.796693,19244.0
2008-07-04,1.5159,1.53076,1.50104,1.53076,0.796693,50600.0
2008-07-07,1.5159,1.5159,1.50104,1.5159,0.788958,48177.0
2008-07-08,1.50104,1.5159,1.47874,1.50104,0.781225,89626.0
2008-07-09,1.50104,1.50104,1.48617,1.48617,0.773485,5787.0
2008-07-10,1.48617,1.48617,1.48617,1.48617,0.773485,269.0
2008-07-11,1.48617,1.48617,1.47131,1.48617,0.773485,20724.0
2008-07-14,1.47131,1.48617,1.47131,1.48617,0.773485,9151.0
2008-07-15,1.47131,1.48617,1.46388,1.48617,0.773485,29202.0
2008-07-16,1.47874,1.48617,1.47131,1.48617,0.773485,17495.0
2008-07-18,1.48617,1.48617,1.48617,1.48617,0.773485,13188.0
2008-07-21,1.47874,1.48617,1.47874,1.48617,0.773485,12515.0
2008-07-22,1.48617,1.48617,1.44902,1.48617,0.773485,30010.0
2008-07-23,1.48617,1.48617,1.47874,1.48617,0.773485,4979.0
2008-07-24,1.48617,1.48617,1.48617,1.48617,0.773485,8344.0
2008-07-25,1.42673,1.48617,1.42673,1.48617,0.773485,37546.0
2008-07-28,1.47131,1.47874,1.15922,1.15922,0.603322,24627.0
2008-07-29,1.34499,1.40444,1.3004,1.34499,0.700007,152741.0
2008-07-30,1.37471,1.41187,1.37471,1.40444,0.730949,7402.0
2008-07-31,1.40444,1.46388,1.40444,1.46388,0.761884,13861.0
2008-08-01,1.46388,1.47131,1.44902,1.47131,0.765751,4172.0
2008-08-04,1.48617,1.48617,1.46388,1.46388,0.761884,4306.0
2008-08-05,1.46388,1.47131,1.45645,1.47131,0.765751,13054.0
2008-08-06,1.47874,1.47874,1.44159,1.44159,0.750284,30952.0
2008-08-07,1.45645,1.46388,1.45645,1.46388,0.761884,13457.0
2008-08-08,1.30783,1.46388,1.30783,1.30783,0.680667,0.0
2008-08-11,1.47131,1.47131,1.47131,1.47131,0.765751,135.0
2008-08-13,1.47131,1.47131,1.47131,1.47131,0.765751,1480.0
2008-08-14,1.35242,1.47131,1.35242,1.35242,0.703875,0.0
2008-08-15,1.44902,1.47874,1.44902,1.47874,0.769618,56925.0
2008-08-18,1.37471,1.44902,1.37471,1.37471,0.715475,0.0
2008-08-19,1.91717,1.91717,1.47131,1.50104,0.781225,701263.0
2008-08-20,1.42673,1.50104,1.42673,1.42673,0.74255,0.0
2008-08-21,1.4193,1.50104,1.4193,1.4193,0.738683,0.0
2008-08-22,1.48617,1.50104,1.48617,1.50104,0.781225,28260.0
2008-08-25,1.48617,1.48617,1.45645,1.45645,0.758017,39026.0
2008-08-26,1.42673,1.46388,1.42673,1.42673,0.74255,0.0
2008-08-27,1.45645,1.45645,1.45645,1.45645,0.758017,53829.0
2008-08-28,1.47131,1.47131,1.46388,1.46388,0.761884,26915.0
2008-08-29,1.47131,1.47131,1.47131,1.47131,0.765751,6729.0
2008-09-01,1.41187,1.48617,1.41187,1.41187,0.734815,0.0
2008-09-02,1.41187,1.47131,1.41187,1.47131,0.765751,1345737.0
2008-09-03,1.48617,1.56048,1.48617,1.53076,0.796693,1439938.0
2008-09-04,1.53076,1.53076,1.5159,1.53076,0.796693,204552.0
2008-09-05,1.53076,1.53076,1.53076,1.53076,0.796693,198227.0
2008-09-08,1.53076,1.53076,1.53076,1.53076,0.796693,389725.0
2008-09-09,1.53076,1.56048,1.50104,1.56048,0.812161,943496.0
2008-09-10,1.54562,1.54562,1.53076,1.54562,0.804426,795196.0
2008-09-11,1.54562,1.54562,1.53076,1.53076,0.796693,534392.0
2008-09-12,1.53076,1.59021,1.53076,1.59021,0.827634,1833163.0
2008-09-15,1.57535,1.57535,1.54562,1.56048,0.812161,1158410.0
2008-09-16,1.56048,1.56048,1.53076,1.54562,0.804426,577859.0
2008-09-17,1.54562,1.57535,1.5159,1.53076,0.796693,1181557.0
2008-09-18,1.53076,1.54562,1.47131,1.53076,0.796693,1792791.0
2008-09-19,1.53076,1.56048,1.53076,1.54562,0.804426,552560.0
2008-09-22,1.56048,1.56048,1.53076,1.54562,0.804426,239676.0
2008-09-23,1.54562,1.54562,1.53076,1.54562,0.804426,121251.0
2008-09-24,1.53076,1.53076,1.53076,1.53076,0.796693,80744.0
2008-09-25,1.53076,1.53076,1.5159,1.53076,0.796693,146685.0
2008-09-26,1.53076,1.53076,1.5159,1.53076,0.796693,356351.0
2008-09-29,1.53076,1.53076,1.5159,1.5159,0.788958,100392.0
2008-09-30,1.47874,1.53076,1.47874,1.53076,0.796693,705974.0
2008-10-01,1.53076,1.56048,1.53076,1.56048,0.812161,812152.0
2008-10-02,1.54562,1.54562,1.54562,1.54562,0.804426,94202.0
2008-10-03,1.54562,1.54562,1.5159,1.54562,0.804426,194459.0
2008-10-06,1.53076,1.53076,1.48617,1.48617,0.773485,220701.0
2008-10-07,1.48617,1.48617,1.43416,1.43416,0.746417,1402662.0
2008-10-08,1.45645,1.45645,1.37471,1.43416,0.746417,431443.0
2008-10-09,1.43416,1.43416,1.35985,1.41187,0.734815,323381.0
2008-10-10,1.41187,1.41187,1.28554,1.37471,0.715475,380709.0
2008-10-13,1.37471,1.37471,1.31526,1.37471,0.715475,669370.0
2008-10-14,1.37471,1.41187,1.35242,1.41187,0.734815,1017646.0
2008-10-15,1.38957,1.40444,1.38214,1.40444,0.730949,299696.0
2008-10-16,1.38957,1.38957,1.35985,1.38957,0.723209,152068.0
2008-10-17,1.38957,1.46388,1.38214,1.38214,0.719342,174407.0
2008-10-20,1.38214,1.41187,1.37471,1.40444,0.730949,339799.0
2008-10-21,1.40444,1.40444,1.37471,1.38957,0.723209,77918.0
2008-10-22,1.38957,1.40444,1.35985,1.38957,0.723209,59347.0
2008-10-24,1.38957,1.38957,1.31526,1.33756,0.696141,233216.0
2008-10-27,1.33756,1.33756,1.28554,1.33756,0.696141,65672.0
2008-10-28,1.33756,1.33756,1.31526,1.33756,0.696141,26780.0
2008-10-29,1.33756,1.36728,1.33013,1.33756,0.696141,25300.0
2008-10-30,1.33013,1.33013,1.31526,1.33013,0.692274,22205.0
2008-10-31,1.33013,1.33013,1.29297,1.33013,0.692274,103218.0
2008-11-03,1.33013,1.33013,1.29297,1.33013,0.692274,216798.0
2008-11-04,1.33013,1.33013,1.28554,1.33013,0.692274,250038.0
2008-11-05,1.33013,1.35985,1.33013,1.33013,0.692274,283278.0
2008-11-06,1.33013,1.48617,1.31526,1.37471,0.715475,91376.0
2008-11-07,1.37471,1.37471,1.33756,1.36728,0.711608,117214.0
2008-11-10,1.36728,1.46388,1.36728,1.46388,0.761884,71324.0
2008-11-11,1.44902,1.44902,1.41187,1.44159,0.750284,375999.0
2008-11-12,1.43416,1.43416,1.41187,1.43416,0.746417,77245.0
2008-11-13,1.43416,1.43416,1.40444,1.4193,0.738683,74554.0
2008-11-14,1.4193,1.43416,1.41187,1.43416,0.746417,59212.0
2008-11-17,1.41187,1.43416,1.38957,1.4193,0.738683,71189.0
2008-11-18,1.41187,1.41187,1.36728,1.397,0.727076,126634.0
2008-11-19,1.397,1.41187,1.37471,1.41187,0.734815,37142.0
2008-11-20,1.38957,1.397,1.37471,1.397,0.727076,36066.0
2008-11-21,1.397,1.397,1.36728,1.38957,0.723209,30010.0
2008-11-24,1.38957,1.38957,1.33756,1.38214,0.719342,69844.0
2008-11-25,1.38957,1.397,1.35985,1.37471,0.715475,33643.0
2008-11-26,1.37471,1.37471,1.37471,1.37471,0.715475,6056.0
2008-11-27,1.37471,1.37471,1.37471,1.37471,0.715475,135.0
2008-11-28,1.36728,1.36728,1.34499,1.36728,0.711608,32836.0
2008-12-01,1.36728,1.36728,1.33013,1.35242,0.703875,41583.0
2008-12-02,1.35242,1.35242,1.27068,1.3004,0.6768,86262.0
2008-12-03,1.3227,1.35242,1.3004,1.35242,0.703875,364156.0
2008-12-04,1.33756,1.41187,1.33756,1.41187,0.734815,764244.0
2008-12-08,1.41187,1.44159,1.38957,1.44159,0.750284,149511.0
2008-12-09,1.44902,1.53076,1.41187,1.53076,0.796693,916178.0
2008-12-11,1.53076,1.61993,1.53076,1.57535,0.8199,882938.0
2008-12-12,1.57535,1.57535,1.53076,1.54562,0.804426,838394.0
2008-12-15,1.54562,1.56048,1.5159,1.53076,0.796693,207782.0
2008-12-16,1.53076,1.56048,1.50104,1.53076,0.796693,363214.0
2008-12-17,1.53076,1.54562,1.48617,1.50104,0.781225,252595.0
2008-12-18,1.50104,1.50104,1.47131,1.50104,0.781225,457551.0
2008-12-19,1.50104,1.54562,1.50104,1.53076,0.796693,590375.0
2008-12-22,1.53076,1.53076,1.50104,1.5159,0.788958,192037.0
2008-12-23,1.50104,1.50104,1.47874,1.48617,0.773485,331590.0
2008-12-24,1.47131,1.48617,1.46388,1.47131,0.765751,369808.0
2008-12-25,1.47131,1.47131,1.43416,1.44902,0.75415,307501.0
2008-12-26,1.44902,1.45645,1.42673,1.45645,0.758017,236042.0
2008-12-29,1.44902,1.47131,1.44159,1.47131,0.765751,91914.0
2008-12-30,1.47131,1.48617,1.44902,1.48617,0.773485,229179.0
2009-01-02,1.48617,1.48617,1.48617,1.48617,0.773485,0.0
2009-01-05,1.48617,1.53076,1.48617,1.5159,0.788958,185846.0
2009-01-06,1.5159,1.5159,1.47874,1.5159,0.788958,237523.0
2009-01-07,1.50104,1.50104,1.46388,1.48617,0.773485,250038.0
2009-01-08,1.48617,1.48617,1.47131,1.48617,0.773485,39296.0
2009-01-09,1.47874,1.48617,1.47874,1.48617,0.773485,41180.0
2009-01-12,1.47874,1.48617,1.47131,1.48617,0.773485,34047.0
2009-01-13,1.45645,1.46388,1.3227,1.3227,0.688406,1144011.0
2009-01-14,1.3227,1.3227,1.3004,1.31526,0.684534,86665.0
2009-01-15,1.30783,1.30783,1.25582,1.27811,0.665199,855889.0
2009-01-16,1.26325,1.27068,1.26325,1.27068,0.661332,327283.0
2009-01-19,1.27811,1.27811,1.24839,1.24839,0.649732,156240.0
2009-01-20,1.27068,1.27068,1.26325,1.26325,0.657466,28530.0
2009-01-21,1.26325,1.26325,1.26325,1.26325,0.657466,26915.0
2009-01-22,1.26325,1.26325,1.26325,1.26325,0.657466,47101.0
2009-01-23,1.26325,1.26325,1.26325,1.26325,0.657466,4172.0
2009-01-26,1.26325,1.27068,1.24096,1.26325,0.657466,610023.0
2009-01-27,1.24839,1.26325,1.24839,1.26325,0.657466,17764.0
2009-01-28,1.26325,1.26325,1.26325,1.26325,0.657466,6729.0
2009-01-29,1.26325,1.26325,1.25582,1.26325,0.657466,41718.0
2009-01-30,1.24839,1.26325,1.24839,1.26325,0.657466,21532.0
2009-02-02,1.24839,1.26325,1.24096,1.26325,0.657466,61231.0
2009-02-03,1.24839,1.26325,1.24096,1.26325,0.657466,27049.0
2009-02-04,1.24839,1.26325,1.24839,1.26325,0.657466,41852.0
2009-02-05,1.24839,1.24839,1.24096,1.24839,0.649732,60424.0
2009-02-06,1.24839,1.24839,1.24096,1.24839,0.649732,65134.0
2009-02-10,1.24839,1.25582,1.24839,1.25582,0.653598,160546.0
2009-02-11,1.24839,1.25582,1.24096,1.25582,0.653598,80879.0
2009-02-12,1.24839,1.24839,1.24096,1.24839,0.649732,43602.0
2009-02-13,1.25582,1.27811,1.24096,1.24839,0.649732,51273.0
2009-02-16,1.25582,1.25582,1.24839,1.24839,0.649732,43871.0
2009-02-17,1.24839,1.24839,1.24096,1.24096,0.645864,26107.0
2009-02-18,1.23352,1.24096,1.23352,1.24096,0.645864,42256.0
2009-02-19,1.23352,1.24096,1.22609,1.22609,0.638125,56656.0
2009-02-20,1.23352,1.24096,1.21866,1.21866,0.634258,2306189.0
2009-02-23,1.21123,1.22609,1.21123,1.22609,0.638125,6863.0
2009-02-24,1.21123,1.21123,1.21123,1.21123,0.630391,2691.0
2009-02-25,1.2038,1.21866,1.18894,1.21866,0.634258,34585.0
2009-02-26,1.24096,1.24096,1.24096,1.24096,0.645864,135.0
2009-02-27,1.24096,1.24096,1.18894,1.24096,0.645864,29741.0
2009-03-02,1.2038,1.24096,1.18894,1.24096,0.645864,55310.0
2009-03-03,1.18894,1.18894,1.18894,1.18894,0.61879,22878.0
2009-03-04,1.18894,1.23352,1.18151,1.18894,0.61879,104160.0
2009-03-05,1.21123,1.21123,1.18151,1.18894,0.61879,6998.0
2009-03-06,1.2038,1.23352,1.18151,1.19637,0.622657,42794.0
2009-03-09,1.17408,1.18894,1.17408,1.18894,0.61879,5114.0
2009-03-10,1.17408,1.21866,1.17408,1.21866,0.634258,140226.0
2009-03-11,1.11463,1.14435,0.97344,1.14435,0.672884,32029.0
2009-03-12,1.12949,1.12949,1.12949,1.12949,0.664147,1480.0
2009-03-13,1.11463,1.12949,1.11463,1.12949,0.664147,12650.0
2009-03-16,1.12949,1.12949,1.12949,1.12949,0.664147,1346.0
2009-03-17,1.11463,1.12206,1.11463,1.12206,0.659778,5787.0
2009-03-18,1.12949,1.12949,1.12949,1.12949,0.664147,135.0
2009-03-19,1.12949,1.12949,1.12949,1.12949,0.664147,0.0
2009-03-20,1.2038,1.2038,1.09977,1.12949,0.664147,20455.0
2009-03-23,1.12949,1.12949,1.12206,1.12206,0.659778,36739.0
2009-03-24,1.11463,1.12206,1.07005,1.11463,0.655409,111696.0
2009-03-25,1.1072,1.11463,1.1072,1.11463,0.655409,9016.0
2009-03-26,1.12206,1.12206,1.12206,1.12206,0.659778,1480.0
2009-03-27,1.12206,1.12206,1.12206,1.12206,0.659778,0.0
2009-03-30,1.12206,1.12206,1.12206,1.12206,0.659778,0.0
2009-03-31,1.24096,1.24096,1.12206,1.13692,0.668516,807.0
2009-04-01,1.14435,1.14435,1.06261,1.06261,0.624821,16822.0
2009-04-02,1.12206,1.12206,1.05518,1.11463,0.655409,94471.0
2009-04-03,1.1072,1.11463,1.06261,1.1072,0.65104,104429.0
2009-04-07,1.1072,1.1072,1.06261,1.07005,0.629196,64595.0
2009-04-08,1.09977,1.09977,1.05518,1.07005,0.629196,16687.0
2009-04-09,1.07748,1.07748,1.05518,1.06261,0.624821,22070.0
2009-04-10,1.06261,1.06261,1.06261,1.06261,0.624821,12246.0
2009-04-16,1.06261,1.07748,1.02546,1.07005,0.629196,6190.0
2009-04-17,1.07005,1.07748,1.04032,1.07005,0.629196,9958.0
2009-04-20,1.04775,1.09234,1.04032,1.07005,0.629196,26107.0
2009-04-21,1.07748,1.07748,1.07748,1.07748,0.633564,14130.0
2009-04-22,1.07748,1.07748,1.07748,1.07748,0.633564,16418.0
2009-04-23,1.05518,1.05518,1.05518,1.05518,0.620452,6729.0
2009-04-24,1.07748,1.07748,1.04032,1.07005,0.629196,80340.0
2009-04-27,1.07748,1.07748,1.07748,1.07748,0.633564,135.0
2009-04-28,1.07748,1.08491,1.07748,1.07748,0.633564,4845.0
2009-04-29,1.08491,1.08491,1.07748,1.07748,0.633564,5248.0
2009-04-30,1.07005,1.07748,1.05518,1.07748,0.633564,124077.0
2009-05-04,1.07748,1.07748,1.07748,1.07748,0.633564,8478.0
2009-05-06,1.07748,1.18894,1.07748,1.08491,0.637933,58270.0
2009-05-07,1.07748,1.11463,1.07005,1.09234,0.642302,33374.0
2009-05-11,1.09234,1.09234,1.07748,1.09234,0.642302,28395.0
2009-05-12,1.09234,1.09977,1.07748,1.07748,0.633564,118425.0
2009-05-13,1.09977,1.09977,1.05518,1.09234,0.642302,54233.0
2009-05-14,1.18894,1.24839,1.17408,1.17408,0.690366,595219.0
2009-05-15,1.17408,1.18151,1.09977,1.09977,0.646671,138611.0
2009-05-18,1.09977,1.15922,1.09234,1.15922,0.681628,117214.0
2009-05-19,1.16665,1.18894,1.15922,1.17408,0.690366,131613.0
2009-05-20,1.17408,1.18151,1.17408,1.17408,0.690366,80340.0
2009-05-21,1.17408,1.17408,1.15179,1.15179,0.677259,102545.0
2009-05-22,1.15179,1.15922,1.15179,1.15179,0.677259,115061.0
2009-05-25,1.16665,1.18894,1.15922,1.18894,0.699104,221508.0
2009-05-26,1.17408,1.19637,1.17408,1.18151,0.694735,152472.0
2009-05-27,1.18894,1.19637,1.18151,1.19637,0.703472,125154.0
2009-05-28,1.18151,1.19637,1.18151,1.18894,0.699104,24223.0
2009-05-29,1.18894,1.21123,1.18894,1.18894,0.699104,451226.0
2009-06-01,1.18894,1.21123,1.18894,1.21123,0.71221,133363.0
2009-06-02,1.21866,1.23352,1.19637,1.2038,0.707841,303060.0
2009-06-03,1.21123,1.22609,1.2038,1.21123,0.71221,104833.0
2009-06-04,1.21123,1.21123,1.21123,1.21123,0.71221,67287.0
2009-06-05,1.19637,1.21123,1.19637,1.21123,0.71221,37008.0
2009-06-08,1.21866,1.21866,1.19637,1.19637,0.703472,168890.0
2009-06-09,1.19637,1.21123,1.19637,1.19637,0.703472,46159.0
2009-06-10,1.2038,1.21866,1.18894,1.21866,0.716579,274127.0
2009-06-11,1.21123,1.22609,1.21123,1.21123,0.71221,114388.0
2009-06-12,1.21866,1.21866,1.2038,1.2038,0.707841,23416.0
2009-06-15,1.2038,1.2038,1.19637,1.2038,0.707841,121116.0
2009-06-16,1.2038,1.2038,1.2038,1.2038,0.707841,0.0
2009-06-17,1.19637,1.19637,1.19637,1.19637,0.703472,5114.0
2009-06-18,1.17408,1.17408,1.15179,1.15179,0.677259,6863.0
2009-06-19,1.15179,1.15179,1.15179,1.15179,0.677259,0.0
2009-06-22,1.15179,1.15179,1.15179,1.15179,0.677259,0.0
2009-06-23,1.15179,1.15179,1.15179,1.15179,0.677259,0.0
2009-06-24,1.21866,1.21866,1.18894,1.18894,0.699104,538.0
2009-06-25,1.18894,1.18894,1.18894,1.18894,0.699104,68229.0
2009-06-26,1.2038,1.2038,1.2038,1.2038,0.707841,13592.0
2009-06-29,1.18894,1.18894,1.18894,1.18894,0.699104,4710.0
2009-06-30,1.21123,1.21123,1.18894,1.18894,0.699104,12919.0
2009-07-02,1.18894,1.18894,1.18894,1.18894,0.699104,0.0
2009-07-03,1.18894,1.18894,1.18894,1.18894,0.699104,0.0
2009-07-06,1.18894,1.18894,1.18894,1.18894,0.699104,0.0
2009-07-08,1.18894,1.18894,1.18894,1.18894,0.699104,0.0
2009-07-09,1.18894,1.19637,1.18894,1.19637,0.703472,21666.0
2009-07-10,1.18894,1.18894,1.18894,1.18894,0.699104,538.0
2009-07-13,1.19637,1.19637,1.18894,1.18894,0.699104,4710.0
2009-07-14,1.18894,1.18894,1.18894,1.18894,0.699104,0.0
2009-07-15,1.18894,1.18894,1.18894,1.18894,0.699104,0.0
2009-07-16,1.2038,1.2038,1.18894,1.18894,0.699104,2557.0
2009-07-17,1.19637,1.19637,1.19637,1.19637,0.703472,14130.0
2009-07-20,1.2038,1.2038,1.18894,1.18894,0.699104,27453.0
2009-07-21,1.18894,1.21123,1.18894,1.2038,0.707841,3499.0
2009-07-22,1.19637,1.19637,1.18894,1.18894,0.699104,66614.0
2009-07-23,1.18894,1.18894,1.18894,1.18894,0.699104,0.0
2009-07-24,1.2038,1.2038,1.18151,1.18894,0.699104,31759.0
2009-07-27,1.18894,1.18894,1.18151,1.18894,0.699104,349892.0
2009-07-28,1.18894,1.18894,1.18894,1.18894,0.699104,118425.0
2009-07-29,1.18894,1.18894,1.18151,1.18151,0.694735,24896.0
2009-07-30,1.18894,1.18894,1.18151,1.18894,0.699104,41718.0
2009-07-31,1.19637,1.19637,1.18894,1.18894,0.699104,84378.0
2009-08-03,1.18894,1.18894,1.18894,1.18894,0.699104,171985.0
2009-08-04,1.18894,1.2038,1.18151,1.18894,0.699104,266590.0
2009-08-05,1.18894,1.19637,1.18894,1.18894,0.699104,109274.0
2009-08-06,1.18894,1.2038,1.18894,1.19637,0.703472,60558.0
2009-08-07,1.19637,1.2038,1.19637,1.2038,0.707841,1615.0
2009-08-10,1.19637,1.19637,1.19637,1.19637,0.703472,56386.0
2009-08-11,1.19637,1.21123,1.19637,1.21123,0.71221,105237.0
2009-08-13,1.21123,1.21123,1.19637,1.21123,0.71221,235100.0
2009-08-14,1.2038,1.2038,1.2038,1.2038,0.707841,66749.0
2009-08-17,1.2038,1.2038,1.18894,1.18894,0.699104,138342.0
2009-08-18,1.18894,1.19637,1.18894,1.19637,0.703472,13592.0
2009-08-19,1.19637,1.19637,1.18151,1.18151,0.694735,75496.0
2009-08-20,1.18151,1.18151,1.18151,1.18151,0.694735,40372.0
2009-08-21,1.18151,1.18151,1.15179,1.15922,0.681628,360388.0
2009-08-24,1.18151,1.18151,1.18151,1.18151,0.694735,27588.0
2009-08-25,1.18151,1.21866,1.18151,1.21866,0.716579,178310.0
2009-08-26,1.22609,1.25582,1.22609,1.24839,0.734061,149377.0
2009-08-27,1.27068,1.27068,1.24096,1.24096,0.729692,181944.0
2009-08-28,1.24096,1.24839,1.24096,1.24096,0.729692,53560.0
2009-08-31,1.25582,1.25582,1.24839,1.24839,0.734061,37681.0
2009-09-01,1.25582,1.26325,1.25582,1.25582,0.73843,523492.0
2009-09-02,1.24839,1.25582,1.24839,1.25582,0.73843,37815.0
2009-09-03,1.25582,1.25582,1.24096,1.24096,0.729692,34720.0
2009-09-04,1.25582,1.26325,1.24839,1.26325,0.742798,53695.0
2009-09-07,1.26325,1.26325,1.26325,1.26325,0.742798,316248.0
2009-09-08,1.26325,1.30783,1.26325,1.3004,0.764643,373173.0
2009-09-09,1.3004,1.3004,1.27811,1.3004,0.764643,170909.0
2009-09-10,1.29297,1.29297,1.25582,1.28554,0.755905,209935.0
2009-09-11,1.26325,1.27068,1.26325,1.26325,0.742798,116810.0
2009-09-14,1.26325,1.26325,1.24096,1.24096,0.729692,451091.0
2009-09-15,1.24096,1.24096,1.24096,1.24096,0.729692,243444.0
2009-09-16,1.24839,1.28554,1.24839,1.28554,0.755905,144128.0
2009-09-17,1.28554,1.3004,1.27068,1.28554,0.755905,788467.0
2009-09-18,1.29297,1.29297,1.28554,1.28554,0.755905,385150.0
2009-09-21,1.28554,1.28554,1.27811,1.28554,0.755905,37411.0
2009-09-22,1.28554,1.28554,1.27068,1.27068,0.747167,157317.0
2009-09-23,1.27068,1.27811,1.24096,1.26325,0.742798,324457.0
2009-09-24,1.26325,1.29297,1.26325,1.28554,0.755905,219624.0
2009-09-25,1.29297,1.29297,1.27811,1.27811,0.751536,17764.0
2009-09-28,1.26325,1.26325,1.24096,1.24096,0.729692,232140.0
2009-09-29,1.26325,1.26325,1.24096,1.26325,0.742798,501422.0
2009-09-30,1.26325,1.26325,1.25582,1.25582,0.73843,18840.0
2009-10-01,1.27068,1.44159,1.24839,1.25582,0.73843,74150.0
2009-10-02,1.26325,1.26325,1.24839,1.24839,0.734061,113042.0
2009-10-05,1.26325,1.26325,1.24839,1.26325,0.742798,62173.0
2009-10-06,1.26325,1.27068,1.26325,1.27068,0.747167,41718.0
2009-10-07,1.25582,1.26325,1.24096,1.24839,0.734061,282470.0
2009-10-08,1.27068,1.27811,1.24096,1.24096,0.729692,536949.0
2009-10-09,1.25582,1.26325,1.24839,1.24839,0.734061,163911.0
2009-10-12,1.26325,1.27068,1.24839,1.24839,0.734061,314095.0
2009-10-13,1.24839,1.26325,1.24839,1.26325,0.742798,252057.0
2009-10-14,1.24839,1.27811,1.22609,1.23352,0.725317,1016300.0
2009-10-15,1.23352,1.23352,1.18151,1.2038,0.707841,178176.0
2009-10-16,1.22609,1.22609,1.2038,1.21866,0.716579,123673.0
2009-10-19,1.21866,1.22609,1.21123,1.22609,0.720948,251653.0
2009-10-20,1.24096,1.24096,1.21123,1.21866,0.716579,178848.0
2009-10-21,1.22609,1.23352,1.21866,1.21866,0.716579,99181.0
2009-10-22,1.22609,1.22609,1.22609,1.22609,0.720948,11842.0
2009-10-26,1.22609,1.24096,1.22609,1.24096,0.729692,280586.0
2009-10-27,1.24839,1.27068,1.24096,1.26325,0.742798,118021.0
2009-10-28,1.26325,1.31526,1.26325,1.28554,0.755905,475853.0
2009-10-29,1.27811,1.27811,1.25582,1.26325,0.742798,46562.0
2009-10-30,1.26325,1.27068,1.26325,1.26325,0.742798,114388.0
2009-11-02,1.24839,1.24839,1.24096,1.24839,0.734061,84781.0
2009-11-03,1.24839,1.26325,1.24839,1.26325,0.742798,4172.0
2009-11-04,1.26325,1.29297,1.26325,1.27811,0.751536,107794.0
2009-11-05,1.27811,1.28554,1.27811,1.28554,0.755905,9420.0
2009-11-06,1.29297,1.3004,1.29297,1.29297,0.760274,105640.0
2009-11-09,1.30783,1.30783,1.29297,1.30783,0.769012,55714.0
2009-11-10,1.30783,1.30783,1.3004,1.30783,0.769012,245866.0
2009-11-11,1.30783,1.3227,1.27811,1.30783,0.769012,1616230.0
2009-11-12,1.30783,1.30783,1.28554,1.28554,0.755905,110754.0
2009-11-13,1.28554,1.33013,1.27068,1.33013,0.782124,88684.0
2009-11-16,1.28554,1.28554,1.26325,1.27811,0.751536,254344.0
2009-11-17,1.26325,1.27811,1.26325,1.27811,0.751536,41180.0
2009-11-18,1.29297,1.29297,1.29297,1.29297,0.760274,1346.0
2009-11-19,1.29297,1.29297,1.29297,1.29297,0.760274,0.0
2009-11-20,1.28554,1.28554,1.28554,1.28554,0.755905,26915.0
2009-11-23,1.26325,1.29297,1.26325,1.29297,0.760274,71459.0
2009-11-24,1.27811,1.27811,1.24839,1.24839,0.734061,147358.0
2009-11-25,1.23352,1.26325,1.23352,1.26325,0.742798,202533.0
2009-11-26,1.26325,1.26325,1.25582,1.25582,0.73843,8074.0
2009-11-27,1.24839,1.24839,1.22609,1.22609,0.720948,104967.0
2009-11-30,1.25582,1.25582,1.25582,1.25582,0.73843,4441.0
2009-12-01,1.24839,1.31526,1.24839,1.3004,0.764643,342086.0
2009-12-02,1.31526,1.31526,1.29297,1.29297,0.760274,134574.0
2009-12-03,1.3004,1.31526,1.24096,1.25582,0.73843,747019.0
2009-12-04,1.25582,1.26325,1.22609,1.24839,0.734061,453513.0
2009-12-08,1.24839,1.27811,1.24096,1.24096,0.729692,313960.0
2009-12-09,1.24096,1.24096,1.24096,1.24096,0.729692,75092.0
2009-12-11,1.24096,1.25582,1.24096,1.24839,0.734061,208589.0
2009-12-14,1.25582,1.26325,1.25582,1.26325,0.742798,271031.0
2009-12-15,1.27068,1.27068,1.22609,1.25582,0.73843,1531449.0
2009-12-16,1.26325,1.27068,1.25582,1.27068,0.747167,98104.0
2009-12-17,1.27068,1.27811,1.25582,1.27068,0.747167,207513.0
2009-12-18,1.27068,1.27068,1.27068,1.27068,0.747167,0.0
2009-12-21,1.27068,1.27811,1.26325,1.27811,0.751536,201188.0
2009-12-22,1.27068,1.28554,1.27068,1.27811,0.751536,53022.0
2009-12-23,1.27811,1.27811,1.27811,1.27811,0.751536,26915.0
2009-12-24,1.27811,1.27811,1.27068,1.27811,0.751536,32432.0
2009-12-25,1.27811,1.27811,1.27068,1.27068,0.747167,81417.0
2009-12-28,1.3004,1.3004,1.29297,1.29297,0.760274,29606.0
2009-12-29,1.29297,1.36728,1.29297,1.31526,0.773381,671254.0
2009-12-30,1.31526,1.31526,1.3004,1.3004,0.764643,99719.0
2010-01-04,1.3004,1.31526,1.3004,1.31526,0.773381,94202.0
2010-01-05,1.31526,1.31526,1.3004,1.3004,0.764643,187192.0
2010-01-06,1.35985,1.35985,1.30783,1.31526,0.773381,189345.0
2010-01-07,1.31526,1.67938,1.31526,1.50104,0.88262,12276754.0
2010-01-08,1.48617,1.53076,1.4193,1.43416,0.843294,2054267.0
2010-01-11,1.43416,1.56048,1.43416,1.5159,0.891358,5545109.0
2010-01-12,1.5159,1.61993,1.44902,1.47874,0.869508,9438191.0
2010-01-13,1.47874,1.53076,1.47874,1.47874,0.869508,2281562.0
2010-01-14,1.5159,1.5159,1.47874,1.47874,0.869508,414218.0
2010-01-15,1.48617,1.50104,1.47131,1.47131,0.865139,766532.0
2010-01-18,1.47131,1.59021,1.45645,1.5159,0.891358,13498952.0
2010-01-19,1.53076,1.54562,1.45645,1.45645,0.856401,5143541.0
2010-01-20,1.45645,1.47874,1.44902,1.45645,0.856401,792504.0
2010-01-21,1.45645,1.46388,1.43416,1.43416,0.843294,943900.0
2010-01-22,1.43416,1.48617,1.38957,1.47131,0.865139,2158024.0
2010-01-25,1.46388,1.47131,1.44159,1.44159,0.847663,272915.0
2010-01-26,1.44902,1.50104,1.44159,1.44159,0.847663,1389070.0
2010-01-27,1.47874,1.47874,1.4193,1.4193,0.834557,486484.0
2010-01-28,1.44902,1.45645,1.4193,1.42673,0.838926,114253.0
2010-01-29,1.41187,1.43416,1.41187,1.42673,0.838926,13457.0
2010-02-01,1.4193,1.45645,1.4193,1.43416,0.843294,169563.0
2010-02-02,1.43416,1.43416,1.4193,1.4193,0.834557,154625.0
2010-02-03,1.44902,1.44902,1.42673,1.42673,0.838926,232812.0
2010-02-04,1.42673,1.43416,1.40444,1.40444,0.825819,262688.0
2010-02-05,1.41187,1.41187,1.38214,1.38214,0.812706,238868.0
2010-02-08,1.38214,1.40444,1.37471,1.38214,0.812706,341817.0
2010-02-09,1.38214,1.40444,1.37471,1.40444,0.825819,306155.0
2010-02-10,1.38214,1.50104,1.38214,1.44902,0.852032,3563915.0
2010-02-11,1.48617,1.5159,1.45645,1.45645,0.856401,6785609.0
2010-02-12,1.44902,1.46388,1.44159,1.46388,0.86077,374115.0
2010-02-15,1.47131,1.47131,1.44159,1.46388,0.86077,127845.0
2010-02-16,1.45645,1.47131,1.44902,1.44902,0.852032,517840.0
2010-02-17,1.47131,1.47131,1.44159,1.44159,0.847663,365098.0
2010-02-18,1.44902,1.47874,1.44159,1.44902,0.852032,691440.0
2010-02-19,1.45645,1.46388,1.44159,1.44159,0.847663,101603.0
2010-02-22,1.45645,1.46388,1.44159,1.44159,0.847663,76438.0
2010-02-23,1.46388,1.47131,1.45645,1.47131,0.865139,475583.0
2010-02-24,1.5159,1.5159,1.47131,1.47874,0.869508,1459452.0
2010-02-25,1.48617,1.48617,1.46388,1.46388,0.86077,510976.0
2010-02-26,1.47874,1.47874,1.47874,1.47874,0.869508,5383.0
2010-03-02,1.47874,1.47874,1.46388,1.46388,0.86077,213030.0
2010-03-03,1.46388,1.50104,1.46388,1.50104,0.88262,743250.0
2010-03-04,1.48617,1.48617,1.47874,1.48617,0.873877,321900.0
2010-03-05,1.50104,1.50104,1.46388,1.46388,0.86077,982388.0
2010-03-08,1.33756,1.35242,1.33013,1.33756,0.863145,433193.0
2010-03-09,1.3227,1.33013,1.3004,1.30783,0.84396,236446.0
2010-03-10,1.3227,1.3227,1.29297,1.29297,0.83437,116272.0
2010-03-11,1.3004,1.30783,1.3004,1.30783,0.84396,200515.0
2010-03-12,1.29297,1.29297,1.27068,1.28554,0.829575,71324.0
2010-03-15,1.30783,1.30783,1.30783,1.30783,0.84396,673.0
2010-03-16,1.30783,1.31526,1.26325,1.30783,0.84396,55579.0
2010-03-17,1.31526,1.3227,1.30783,1.31526,0.848754,434673.0
2010-03-18,1.3227,1.35985,1.31526,1.33013,0.85835,583781.0
2010-03-19,1.33013,1.34499,1.31526,1.33013,0.85835,209531.0
2010-03-22,1.33013,1.33013,1.28554,1.30783,0.84396,717143.0
2010-03-23,1.30783,1.33013,1.30783,1.30783,0.84396,75361.0
2010-03-24,1.31526,1.31526,1.29297,1.30783,0.84396,303598.0
2010-03-25,1.30783,1.41187,1.30783,1.33013,0.85835,1960739.0
2010-03-26,1.33013,1.36728,1.33013,1.33013,0.85835,411526.0
2010-03-29,1.34499,1.35985,1.33013,1.33013,0.85835,127980.0
2010-03-30,1.33756,1.35242,1.33013,1.33756,0.863145,120713.0
2010-03-31,1.34499,1.34499,1.33756,1.33756,0.863145,190825.0
2010-04-01,1.34499,1.34499,1.33756,1.33756,0.863145,87742.0
2010-04-02,1.33756,1.34499,1.3004,1.31526,0.848754,1730887.0
2010-04-05,1.31526,1.33756,1.30783,1.3227,0.853555,222047.0
2010-04-07,1.33756,1.33756,1.3227,1.33013,0.85835,97835.0
2010-04-08,1.30783,1.30783,1.3004,1.3004,0.839165,303060.0
2010-04-09,1.30783,1.30783,1.29297,1.3004,0.839165,187057.0
2010-04-12,1.27811,1.29297,1.26325,1.27068,0.819986,210608.0
2010-04-16,1.26325,1.26325,1.24839,1.25582,0.810397,143186.0
2010-04-19,1.25582,1.25582,1.23352,1.23352,0.796006,135650.0
2010-04-20,1.25582,1.26325,1.25582,1.25582,0.810397,146416.0
2010-04-21,1.27068,1.27068,1.25582,1.25582,0.810397,27588.0
2010-04-22,1.26325,1.35985,1.26325,1.3227,0.853555,4566489.0
2010-04-23,1.30783,1.34499,1.3004,1.30783,0.84396,1336451.0
2010-04-26,1.30783,1.3227,1.30783,1.31526,0.848754,200649.0
2010-04-27,1.31526,1.31526,1.31526,1.31526,0.848754,269.0
2010-04-28,1.28554,1.28554,1.28554,1.28554,0.829575,83436.0
2010-04-29,1.3227,1.3227,1.3227,1.3227,0.853555,807.0
2010-04-30,1.3227,1.33013,1.3227,1.3227,0.853555,96220.0
2010-05-04,1.33013,1.34499,1.3227,1.3227,0.853555,609484.0
2010-05-06,1.33756,1.33756,1.31526,1.33013,0.85835,406547.0
2010-05-07,1.33013,1.33756,1.3227,1.3227,0.853555,260266.0
2010-05-10,1.33013,1.33013,1.33013,1.33013,0.85835,59482.0
2010-05-11,1.33013,1.34499,1.33013,1.33013,0.85835,299965.0
2010-05-12,1.33013,1.33756,1.31526,1.31526,0.848754,366579.0
2010-05-13,1.33013,1.33756,1.26325,1.29297,0.83437,1079012.0
2010-05-14,1.3004,1.3004,1.29297,1.3004,0.839165,118559.0
2010-05-17,1.21866,1.26325,1.21866,1.22609,0.791212,834222.0
2010-05-18,1.22609,1.25582,1.22609,1.24839,0.805602,142379.0
2010-05-19,1.24839,1.25582,1.24839,1.25582,0.810397,92990.0
2010-05-20,,,,,,
2010-05-21,,,,,,
2010-05-24,1.26325,1.26325,1.23352,1.23352,0.796006,222719.0
2010-05-25,1.23352,1.23352,1.2038,1.21123,0.781622,312615.0
2010-05-26,1.21866,1.23352,1.21123,1.21123,0.781622,111965.0
2010-05-27,1.19637,1.21866,1.18151,1.19637,0.772033,467913.0
2010-05-31,1.19637,1.2038,1.19637,1.19637,0.772033,93529.0
2010-06-01,1.19637,1.22609,1.19637,1.19637,0.772033,104429.0
2010-06-02,1.19637,1.21123,1.18894,1.19637,0.772033,99450.0
2010-06-03,1.21866,1.22609,1.21123,1.21866,0.786417,282605.0
2010-06-04,1.21866,1.23352,1.21866,1.21866,0.786417,406816.0
2010-06-07,1.21866,1.24096,1.21866,1.21866,0.786417,353525.0
2010-06-08,1.21866,1.24096,1.15179,1.18151,0.762444,3512912.0
2010-06-09,1.19637,1.21123,1.18894,1.19637,0.772033,164584.0
2010-06-10,1.2038,1.21123,1.18894,1.19637,0.772033,486753.0
2010-06-11,1.21123,1.22609,1.19637,1.21123,0.781622,881592.0
2010-06-14,1.22609,1.22609,1.21123,1.21123,0.781622,191095.0
2010-06-15,1.21866,1.22609,1.19637,1.19637,0.772033,731946.0
2010-06-16,1.2038,1.2038,1.19637,1.2038,0.776828,536007.0
2010-06-17,1.2038,1.21123,1.19637,1.19637,0.772033,141572.0
2010-06-18,1.21123,1.21123,1.2038,1.2038,0.776828,406143.0
2010-06-21,1.21866,1.27068,1.2038,1.22609,0.791212,1306710.0
2010-06-22,1.25582,1.36728,1.25582,1.3227,0.853555,7281648.0
2010-06-23,1.3227,1.3227,1.28554,1.30783,0.84396,1399970.0
2010-06-24,1.3004,1.33756,1.28554,1.3004,0.839165,1211163.0
2010-06-25,1.3004,1.3227,1.29297,1.30783,0.84396,257843.0
2010-06-28,1.31526,1.397,1.30783,1.33013,0.85835,4322776.0
2010-06-29,1.33013,1.36728,1.33013,1.33013,0.85835,826417.0
2010-06-30,1.33756,1.33756,1.3227,1.3227,0.853555,98104.0
2010-07-02,1.3004,1.3004,1.27811,1.3004,0.839165,478948.0
2010-07-05,1.3004,1.30783,1.27811,1.27811,0.824781,222316.0
2010-07-06,1.27811,1.3004,1.27811,1.28554,0.829575,69978.0
2010-07-07,1.28554,1.29297,1.28554,1.29297,0.83437,6863.0
2010-07-08,1.3004,1.30783,1.27811,1.28554,0.829575,201995.0
2010-07-09,1.28554,1.3004,1.25582,1.29297,0.83437,278298.0
2010-07-12,1.29297,1.3004,1.29297,1.29297,0.83437,27318.0
2010-07-13,1.28554,1.28554,1.27068,1.28554,0.829575,64730.0
2010-07-14,1.29297,1.30783,1.29297,1.3004,0.839165,185846.0
2010-07-15,1.3004,1.3004,1.29297,1.3004,0.839165,20186.0
2010-07-16,1.3004,1.31526,1.3004,1.3004,0.839165,255555.0
2010-07-19,1.3004,1.3004,1.26325,1.26325,0.815192,851179.0
2010-07-20,1.26325,1.28554,1.26325,1.26325,0.815192,303733.0
2010-07-21,1.26325,1.28554,1.25582,1.28554,0.829575,807846.0
2010-07-22,1.28554,1.30783,1.27068,1.29297,0.83437,69709.0
2010-07-23,1.28554,1.3004,1.28554,1.29297,0.83437,118829.0
2010-07-27,1.3004,1.3004,1.28554,1.28554,0.829575,242636.0
2010-07-28,1.28554,1.29297,1.25582,1.29297,0.83437,125826.0
2010-07-29,1.28554,1.28554,1.25582,1.27811,0.824781,651471.0
2010-07-30,1.27068,1.27068,1.25582,1.26325,0.815192,313826.0
2010-08-02,1.26325,1.40444,1.25582,1.37471,0.887118,18391244.0
2010-08-03,1.42673,1.45645,1.38957,1.38957,0.896707,9021013.0
2010-08-04,1.38957,1.4193,1.38214,1.38214,0.891913,1243999.0
2010-08-05,1.397,1.4193,1.38957,1.38957,0.896707,1583932.0
2010-08-06,1.40444,1.4193,1.38957,1.38957,0.896707,1745959.0
2010-08-09,1.38957,1.41187,1.38957,1.397,0.901502,508285.0
2010-08-10,1.397,1.41187,1.36728,1.36728,0.882323,671926.0
2010-08-11,1.38214,1.397,1.37471,1.37471,0.887118,670715.0
2010-08-16,1.37471,1.37471,1.3227,1.3227,0.853555,770165.0
2010-08-17,1.3227,1.3227,1.3004,1.30783,0.84396,208589.0
2010-08-18,1.31526,1.3227,1.3004,1.3004,0.839165,530893.0
2010-08-19,1.3227,1.33013,1.3004,1.3004,0.839165,303598.0
2010-08-20,1.31526,1.31526,1.3004,1.3004,0.839165,273185.0
2010-08-23,1.30783,1.31526,1.3004,1.3004,0.839165,571265.0
2010-08-24,1.3004,1.30783,1.3004,1.30783,0.84396,135516.0
2010-08-25,1.31526,1.35242,1.3004,1.3227,0.853555,463068.0
2010-08-26,1.3227,1.35242,1.3227,1.35242,0.872734,453244.0
2010-08-27,1.36728,1.36728,1.3227,1.35242,0.872734,137534.0
2010-08-30,1.37471,1.37471,1.3227,1.3227,0.853555,1135398.0
2010-08-31,1.33013,1.34499,1.33013,1.33756,0.863145,329706.0
2010-09-01,1.33756,1.33756,1.31526,1.3227,0.853555,485273.0
2010-09-02,1.33013,1.33756,1.3227,1.3227,0.853555,95144.0
2010-09-03,1.33756,1.33756,1.33756,1.33756,0.863145,40372.0
2010-09-06,1.30783,1.38214,1.30783,1.38214,0.891913,1520010.0
2010-09-07,1.38214,1.38214,1.3227,1.3227,0.853555,930173.0
2010-09-08,1.3227,1.33756,1.31526,1.31526,0.848754,310865.0
2010-09-09,1.33013,1.33756,1.31526,1.31526,0.848754,387707.0
2010-09-10,1.33013,1.33013,1.31526,1.31526,0.848754,63519.0
2010-09-13,1.33013,1.33013,1.3227,1.3227,0.853555,87473.0
2010-09-14,1.33756,1.33756,1.30783,1.30783,0.84396,68229.0
2010-09-15,1.30783,1.30783,1.30783,1.30783,0.84396,215318.0
2010-09-16,1.3227,1.3227,1.30783,1.30783,0.84396,20186.0
2010-09-17,1.33013,1.33013,1.33013,1.33013,0.85835,2691.0
2010-09-20,1.33013,1.33013,1.31526,1.3227,0.853555,15611.0
2010-09-21,1.3227,1.3227,1.3227,1.3227,0.853555,26915.0
2010-09-22,1.3227,1.3227,1.31526,1.31526,0.848754,199304.0
2010-09-23,1.31526,1.3227,1.3004,1.3227,0.853555,468720.0
2010-09-24,1.31526,1.3227,1.31526,1.31526,0.848754,35124.0
2010-09-27,1.31526,1.33013,1.30783,1.30783,0.84396,67287.0
2010-09-28,1.30783,1.31526,1.30783,1.31526,0.848754,27318.0
2010-09-29,1.3227,1.33013,1.3227,1.3227,0.853555,191229.0
2010-09-30,1.33013,1.33756,1.3227,1.33013,0.85835,419332.0
2010-10-01,1.3227,1.33013,1.3227,1.33013,0.85835,270762.0
2010-10-04,1.3227,1.3227,1.3004,1.3004,0.839165,1097314.0
2010-10-05,1.33013,1.33013,1.30783,1.30783,0.84396,1346.0
2010-10-06,1.33013,1.33013,1.33013,1.33013,0.85835,135.0
2010-10-07,1.3227,1.3227,1.3004,1.3004,0.839165,107659.0
2010-10-08,1.30783,1.31526,1.30783,1.30783,0.84396,0.0
2010-10-11,1.30783,1.30783,1.29297,1.3004,0.839165,24762.0
2010-10-12,1.30783,1.30783,1.3004,1.3004,0.839165,36066.0
2010-10-13,1.3004,1.30783,1.3004,1.3004,0.839165,102814.0
2010-10-14,1.3004,1.31526,1.3004,1.30783,0.84396,138476.0
2010-10-15,1.30783,1.36728,1.30783,1.33756,0.863145,1206184.0
2010-10-18,1.33756,1.33756,1.31526,1.31526,0.848754,50600.0
2010-10-19,1.3227,1.37471,1.3227,1.34499,0.867939,772991.0
2010-10-20,1.34499,1.42673,1.34499,1.36728,0.882323,5791244.0
2010-10-21,1.36728,1.40444,1.36728,1.37471,0.887118,527663.0
2010-10-22,1.37471,1.397,1.36728,1.37471,0.887118,490117.0
2010-10-26,1.40444,1.40444,1.36728,1.36728,0.882323,175484.0
2010-10-27,1.36728,1.40444,1.35242,1.38214,0.891913,897741.0
2010-10-28,1.37471,1.37471,1.35985,1.35985,0.877529,183020.0
2010-10-29,1.35985,1.38214,1.35985,1.35985,0.877529,358370.0
2010-11-01,1.36728,1.397,1.35985,1.37471,0.887118,724545.0
2010-11-02,1.37471,1.38957,1.35985,1.37471,0.887118,278298.0
2010-11-03,1.36728,1.36728,1.35242,1.35985,0.877529,376941.0
2010-11-04,1.35242,1.35985,1.35242,1.35242,0.872734,70247.0
2010-11-05,1.35985,1.35985,1.35242,1.35242,0.872734,64999.0
2010-11-08,1.35985,1.35985,1.35242,1.35242,0.872734,34989.0
2010-11-09,1.35242,1.36728,1.34499,1.35242,0.872734,260400.0
2010-11-10,1.35985,1.37471,1.35242,1.35242,0.872734,150588.0
2010-11-11,1.37471,1.38214,1.33756,1.34499,0.867939,895319.0
2010-11-12,1.34499,1.34499,1.30783,1.3227,0.853555,543543.0
2010-11-15,1.37471,1.4193,1.36728,1.36728,0.882323,4514140.0
2010-11-16,1.38214,1.38957,1.35242,1.35242,0.872734,934345.0
2010-11-17,1.34499,1.37471,1.33756,1.34499,0.867939,656720.0
2010-11-18,1.36728,1.38214,1.35242,1.35985,0.877529,605985.0
2010-11-19,1.35985,1.38214,1.35985,1.37471,0.887118,858446.0
2010-11-22,1.38957,1.38957,1.37471,1.37471,0.887118,1320975.0
2010-11-23,1.38957,1.38957,1.37471,1.37471,0.887118,241425.0
2010-11-24,1.37471,1.38214,1.36728,1.37471,0.887118,1003651.0
2010-11-25,1.38957,1.38957,1.35985,1.35985,0.877529,527260.0
2010-11-26,1.36728,1.36728,1.35242,1.35242,0.872734,226488.0
2010-11-29,1.35242,1.36728,1.34499,1.35242,0.872734,116675.0
2010-11-30,1.35242,1.35985,1.35242,1.35242,0.872734,218279.0
2010-12-01,1.35985,1.37471,1.35985,1.37471,0.887118,213972.0
2010-12-02,1.38214,1.38214,1.34499,1.36728,0.882323,800983.0
2010-12-03,1.36728,1.38214,1.36728,1.36728,0.882323,485542.0
2010-12-07,1.36728,1.36728,1.35985,1.36728,0.882323,97028.0
2010-12-08,1.35985,1.36728,1.35985,1.36728,0.882323,295389.0
2010-12-09,1.35242,1.37471,1.35242,1.37471,0.887118,87877.0
2010-12-13,1.36728,1.36728,1.35985,1.35985,0.877529,219355.0
2010-12-14,1.37471,1.37471,1.35985,1.35985,0.877529,98643.0
2010-12-15,1.35985,1.35985,1.35985,1.35985,0.877529,322977.0
2010-12-16,1.35985,1.36728,1.35242,1.36728,0.882323,59751.0
2010-12-17,1.36728,1.36728,1.36728,1.36728,0.882323,131613.0
2010-12-20,1.37471,1.41187,1.37471,1.37471,0.887118,635592.0
2010-12-21,1.38214,1.38214,1.37471,1.38214,0.891913,104295.0
2010-12-22,1.38957,1.38957,1.37471,1.37471,0.887118,142244.0
2010-12-23,1.37471,1.38214,1.36728,1.37471,0.887118,382324.0
2010-12-24,1.37471,1.38957,1.37471,1.38214,0.891913,202668.0
2010-12-27,1.38214,1.38214,1.38214,1.38214,0.891913,168352.0
2010-12-28,1.38214,1.4193,1.37471,1.41187,0.911098,2178479.0
2010-12-29,1.42673,1.50104,1.4193,1.4193,0.915893,10423809.0
2010-12-30,1.43416,1.44902,1.4193,1.43416,0.925482,788736.0
2011-01-04,1.43416,1.44902,1.42673,1.43416,0.925482,395377.0
2011-01-05,1.44902,1.46388,1.43416,1.43416,0.925482,800848.0
2011-01-06,1.44902,1.44902,1.43416,1.43416,0.925482,940939.0
2011-01-07,1.44159,1.48617,1.43416,1.45645,0.939866,2673441.0
2011-01-10,1.45645,1.48617,1.44159,1.46388,0.944661,1556883.0
2011-01-11,1.47131,1.47131,1.44159,1.44902,0.935071,768819.0
2011-01-12,1.46388,1.46388,1.44902,1.46388,0.944661,163776.0
2011-01-13,1.43416,1.44159,1.43416,1.44159,0.930277,779047.0
2011-01-14,1.44902,1.46388,1.44159,1.44159,0.930277,639494.0
2011-01-17,1.44902,1.47131,1.43416,1.43416,0.925482,432116.0
2011-01-18,1.43416,1.44902,1.43416,1.44902,0.935071,377748.0
2011-01-19,1.44159,1.45645,1.43416,1.44902,0.935071,280048.0
2011-01-20,1.45645,1.45645,1.4193,1.4193,0.915893,434269.0
2011-01-21,1.4193,1.4193,1.38957,1.40444,0.906303,693727.0
2011-01-24,1.41187,1.4193,1.38214,1.38214,0.891913,457954.0
2011-01-25,1.38214,1.397,1.33756,1.35985,0.877529,886302.0
2011-01-26,1.37471,1.397,1.36728,1.397,0.901502,472354.0
2011-01-27,1.40444,1.41187,1.397,1.40444,0.906303,448400.0
2011-01-28,1.43416,1.43416,1.40444,1.4193,0.915893,374519.0
2011-01-31,1.41187,1.4193,1.41187,1.41187,0.911098,180463.0
2011-02-01,1.44902,1.44902,1.41187,1.41187,0.911098,40507.0
2011-02-02,1.4193,1.4193,1.41187,1.41187,0.911098,24223.0
2011-02-03,1.397,1.43416,1.397,1.40444,0.906303,939863.0
2011-02-04,1.40444,1.43416,1.397,1.40444,0.906303,607466.0
2011-02-07,1.41187,1.41187,1.40444,1.40444,0.906303,15207.0
2011-02-08,1.4193,1.4193,1.4193,1.4193,0.915893,673.0
2011-02-09,1.41187,1.4193,1.41187,1.41187,0.911098,29337.0
2011-02-10,1.40444,1.4193,1.38214,1.4193,0.915893,141572.0
2011-02-11,1.4193,1.4193,1.38214,1.38957,0.896707,154356.0
2011-02-14,1.41187,1.41187,1.397,1.41187,0.911098,89492.0
2011-02-15,1.41187,1.41187,1.397,1.41187,0.911098,149511.0
2011-02-16,1.41187,1.41187,1.41187,1.41187,0.911098,17764.0
2011-02-17,1.41187,1.41187,1.397,1.40444,0.906303,275069.0
2011-02-18,,,,,,
2011-02-21,1.40444,1.4193,1.40444,1.41187,0.911098,1007149.0
2011-02-22,1.41187,1.44159,1.41187,1.42673,0.920687,1797366.0
2011-02-23,1.43416,1.44902,1.4193,1.4193,0.915893,2927247.0
2011-02-24,1.43416,1.43416,1.41187,1.41187,0.911098,1349101.0
2011-02-25,1.42673,1.42673,1.41187,1.4193,0.915893,683365.0
2011-02-28,1.42673,1.42673,1.41187,1.4193,0.915893,339126.0
2011-03-01,1.4193,1.4193,1.40444,1.41187,0.911098,1078339.0
2011-03-02,1.4193,1.4193,1.41187,1.41187,0.911098,1047925.0
2011-03-03,1.41187,1.42673,1.40444,1.40444,0.906303,1959258.0
2011-03-04,1.41187,1.4193,1.397,1.41187,0.911098,2573856.0
2011-03-07,1.28554,1.28554,1.25582,1.27068,0.917459,2975290.0
2011-03-08,1.27811,1.27811,1.27068,1.27068,0.917459,485542.0
2011-03-09,1.27811,1.28554,1.27811,1.28554,0.928188,2123707.0
2011-03-10,1.27811,1.29297,1.27068,1.27811,0.922824,752401.0
2011-03-11,1.27068,1.27811,1.27068,1.27068,0.917459,256228.0
2011-03-14,1.27811,1.27811,1.26325,1.26325,0.912094,477871.0
2011-03-15,1.27811,1.27811,1.24096,1.24096,0.896,533046.0
2011-03-16,1.22609,1.25582,1.22609,1.24096,0.896,157317.0
2011-03-17,1.25582,1.26325,1.23352,1.23352,0.890629,83301.0
2011-03-21,1.24839,1.27811,1.24096,1.24839,0.901365,425657.0
2011-03-22,1.26325,1.26325,1.24096,1.24096,0.896,114791.0
2011-03-23,1.25582,1.25582,1.23352,1.24096,0.896,477602.0
2011-03-24,1.25582,1.25582,1.23352,1.24096,0.896,250980.0
2011-03-25,1.25582,1.25582,1.23352,1.24096,0.896,1076589.0
2011-03-28,1.25582,1.25582,1.23352,1.24096,0.896,260669.0
2011-03-29,1.24096,1.26325,1.2038,1.2038,0.86917,2597945.0
2011-03-30,1.2038,1.22609,1.2038,1.21123,0.874535,2528505.0
2011-03-31,1.21866,1.24096,1.21866,1.22609,0.885264,1613539.0
2011-04-01,1.22609,1.26325,1.22609,1.23352,0.890629,3127492.0
2011-04-04,1.24839,1.24839,1.23352,1.24839,0.901365,1246421.0
2011-04-05,1.24839,1.24839,1.24096,1.24096,0.896,881592.0
2011-04-07,1.24839,1.25582,1.24096,1.25582,0.90673,712433.0
2011-04-08,1.24839,1.27811,1.24839,1.25582,0.90673,2804246.0
2011-04-11,1.25582,1.26325,1.25582,1.26325,0.912094,816459.0
2011-04-12,1.28554,1.28554,1.27068,1.27811,0.922824,512457.0
2011-04-18,1.28554,1.28554,1.27068,1.27068,0.917459,608138.0
2011-04-19,1.27068,1.27811,1.27068,1.27068,0.917459,242636.0
2011-04-20,1.27068,1.27068,1.26325,1.27068,0.917459,321766.0
2011-04-21,1.27068,1.27068,1.26325,1.27068,0.917459,639225.0
2011-04-22,1.27068,1.27068,1.25582,1.25582,0.90673,513264.0
2011-04-25,1.25582,1.26325,1.24839,1.24839,0.901365,400626.0
2011-04-26,1.24839,1.25582,1.24839,1.24839,0.901365,1019396.0
2011-04-27,1.25582,1.27068,1.24839,1.25582,0.90673,385284.0
2011-04-28,1.25582,1.26325,1.24839,1.25582,0.90673,132151.0
2011-04-29,1.25582,1.25582,1.2038,1.24839,0.901365,810134.0
2011-05-03,1.24839,1.24839,1.22609,1.22609,0.885264,1649604.0
2011-05-04,1.23352,1.24096,1.23352,1.23352,0.890629,591451.0
2011-05-06,1.22609,1.25582,1.22609,1.25582,0.90673,2629570.0
2011-05-09,1.25582,1.28554,1.25582,1.28554,0.928188,1238078.0
2011-05-10,1.27068,1.27068,1.25582,1.26325,0.912094,677175.0
2011-05-11,1.24096,1.24096,1.21866,1.23352,0.890629,5881408.0
2011-05-12,1.22609,1.22609,1.21123,1.22609,0.885264,1980521.0
2011-05-13,1.22609,1.22609,1.21866,1.22609,0.885264,1049271.0
2011-05-18,1.22609,1.22609,1.2038,1.21123,0.874535,1030431.0
2011-05-19,1.21123,1.22609,1.2038,1.2038,0.86917,1249113.0
2011-05-20,1.2038,1.21123,1.19637,1.2038,0.86917,1670598.0
2011-05-23,1.19637,1.21866,1.19637,1.2038,0.86917,1926288.0
2011-05-24,1.2038,1.2038,1.18894,1.19637,0.863805,748095.0
2011-05-25,1.19637,1.19637,1.19637,1.19637,0.863805,687268.0
2011-05-26,1.19637,1.2038,1.19637,1.19637,0.863805,486753.0
2011-05-27,1.2038,1.2038,1.18894,1.19637,0.863805,423773.0
2011-05-30,1.19637,1.21866,1.18894,1.2038,0.86917,1106599.0
2011-05-31,1.21866,1.21866,1.2038,1.21866,0.879899,1490269.0
2011-06-01,1.21123,1.21123,1.19637,1.19637,0.863805,867597.0
2011-06-02,1.19637,1.2038,1.19637,1.19637,0.863805,211415.0
2011-06-03,1.2038,1.2038,1.18894,1.19637,0.863805,1120999.0
2011-06-06,1.19637,1.2038,1.19637,1.19637,0.863805,552021.0
2011-06-07,1.2038,1.2038,1.18894,1.19637,0.863805,619846.0
2011-06-08,1.19637,1.19637,1.17408,1.18151,0.853076,1595640.0
2011-06-09,1.18151,1.18151,1.15922,1.17408,0.847712,481236.0
2011-06-10,1.18151,1.18894,1.18151,1.18151,0.853076,143994.0
2011-06-13,1.18151,1.2038,1.16665,1.2038,0.86917,944438.0
2011-06-14,1.21123,1.27068,1.2038,1.2038,0.86917,16346127.0
2011-06-15,1.2038,1.21123,1.19637,1.19637,0.863805,1118980.0
2011-06-16,1.19637,1.2038,1.19637,1.19637,0.863805,148166.0
2011-06-17,1.19637,1.21866,1.19637,1.19637,0.863805,1733982.0
2011-06-20,1.2038,1.2038,1.18894,1.18894,0.858441,802597.0
2011-06-21,1.2038,1.21866,1.19637,1.19637,0.863805,1656737.0
2011-06-22,1.2038,1.21123,1.19637,1.21123,0.874535,919542.0
2011-06-23,1.2038,1.2038,1.19637,1.19637,0.863805,947130.0
2011-06-24,1.21123,1.21123,1.19637,1.19637,0.863805,47370.0
2011-06-27,1.19637,1.19637,1.19637,1.19637,0.863805,803809.0
2011-06-28,1.19637,1.2038,1.19637,1.19637,0.863805,716201.0
2011-06-29,1.2038,1.2038,1.19637,1.2038,0.86917,1504938.0
2011-06-30,1.19637,1.2038,1.19637,1.19637,0.863805,332397.0
2011-07-04,1.21123,1.21866,1.2038,1.21123,0.874535,546638.0
2011-07-05,1.2038,1.21123,1.2038,1.2038,0.86917,403317.0
2011-07-06,1.21123,1.21123,1.2038,1.21123,0.874535,978351.0
2011-07-07,1.21123,1.21123,1.2038,1.21123,0.874535,452571.0
2011-07-08,1.2038,1.21123,1.2038,1.2038,0.86917,878362.0
2011-07-11,1.2038,1.21123,1.19637,1.2038,0.86917,545831.0
2011-07-12,1.2038,1.2038,1.18894,1.19637,0.863805,844450.0
2011-07-13,1.2038,1.2038,1.19637,1.2038,0.86917,251518.0
2011-07-14,1.2038,1.21123,1.2038,1.21123,0.874535,62980.0
2011-07-18,1.21123,1.21123,1.2038,1.2038,0.86917,231467.0
2011-07-19,1.21123,1.21123,1.2038,1.2038,0.86917,241021.0
2011-07-20,1.2038,1.21123,1.2038,1.2038,0.86917,78187.0
2011-07-21,1.21123,1.21866,1.21123,1.21123,0.874535,817939.0
2011-07-22,1.22609,1.22609,1.2038,1.2038,0.86917,809999.0
2011-07-25,1.21123,1.21866,1.2038,1.2038,0.86917,271031.0
2011-07-26,1.21866,1.21866,1.2038,1.2038,0.86917,1891971.0
2011-07-27,1.2038,1.24839,1.2038,1.22609,0.885264,1483002.0
2011-07-28,1.23352,1.29297,1.22609,1.27068,0.917459,5427357.0
2011-07-29,1.27811,1.27811,1.24096,1.24839,0.901365,399280.0
2011-08-01,1.27811,1.27811,1.24096,1.24839,0.901365,619577.0
2011-08-02,1.25582,1.27068,1.24096,1.24839,0.901365,1584874.0
2011-08-03,1.24839,1.26325,1.24839,1.24839,0.901365,908642.0
2011-08-04,1.25582,1.31526,1.24839,1.25582,0.90673,10779756.0
2011-08-05,1.23352,1.27811,1.18894,1.2038,0.86917,3275254.0
2011-08-08,1.2038,1.22609,1.19637,1.21866,0.879899,698303.0
2011-08-09,1.19637,1.21866,1.18894,1.19637,0.863805,1979041.0
2011-08-10,1.22609,1.22609,1.2038,1.21123,0.874535,162969.0
2011-08-11,1.21123,1.27811,1.18894,1.19637,0.863805,4068432.0
2011-08-15,1.21123,1.21866,1.2038,1.2038,0.86917,349353.0
2011-08-16,1.24096,1.27068,1.22609,1.22609,0.885264,3449124.0
2011-08-17,1.24839,1.24839,1.22609,1.24096,0.896,678386.0
2011-08-18,1.23352,1.26325,1.23352,1.24839,0.901365,2648814.0
2011-08-19,1.24839,1.24839,1.23352,1.23352,0.890629,536949.0
2011-08-22,1.24096,1.26325,1.23352,1.24096,0.896,2067725.0
2011-08-23,1.24839,1.24839,1.23352,1.23352,0.890629,535603.0
2011-08-24,1.24096,1.24096,1.21123,1.21866,0.879899,286238.0
2011-08-25,1.22609,1.22609,1.18894,1.18894,0.858441,1250190.0
2011-08-26,1.19637,1.21123,1.18894,1.19637,0.863805,825071.0
2011-08-29,1.2038,1.21123,1.18894,1.2038,0.86917,722392.0
2011-08-30,1.21123,1.22609,1.19637,1.19637,0.863805,262419.0
2011-08-31,1.2038,1.21866,1.2038,1.21866,0.879899,230121.0
2011-09-01,1.21866,1.21866,1.21123,1.21866,0.879899,627113.0
2011-09-02,1.21866,1.21866,1.21866,1.21866,0.879899,76034.0
2011-09-05,1.21866,1.21866,1.21123,1.21123,0.874535,215318.0
2011-09-06,1.21123,1.22609,1.21123,1.21123,0.874535,379498.0
2011-09-07,1.21866,1.23352,1.21866,1.22609,0.885264,156375.0
2011-09-08,1.21866,1.21866,1.21866,1.21866,0.879899,20590.0
2011-09-09,1.24096,1.24096,1.21866,1.21866,0.879899,302387.0
2011-09-12,1.21866,1.23352,1.21123,1.21123,0.874535,2185342.0
2011-09-13,1.22609,1.23352,1.21123,1.21123,0.874535,2068128.0
2011-09-14,1.21866,1.23352,1.2038,1.21866,0.879899,948610.0
2011-09-15,1.21123,1.22609,1.21123,1.21123,0.874535,312480.0
2011-09-16,1.21123,1.21866,1.2038,1.2038,0.86917,258247.0
2011-09-19,1.21123,1.21866,1.2038,1.2038,0.86917,45755.0
2011-09-20,1.21123,1.21123,1.2038,1.2038,0.86917,11842.0
2011-09-21,1.21866,1.21866,1.2038,1.2038,0.86917,592528.0
2011-09-22,1.2038,1.2038,1.18151,1.19637,0.863805,650260.0
2011-09-23,1.18894,1.18894,1.16665,1.17408,0.847712,373038.0
2011-09-26,1.16665,1.16665,1.11463,1.11463,0.804787,616213.0
2011-09-27,1.11463,1.15179,1.11463,1.14435,0.826246,433731.0
2011-09-28,1.14435,1.17408,1.13692,1.14435,0.826246,128787.0
2011-09-29,1.14435,1.17408,1.14435,1.15179,0.831618,565479.0
2011-09-30,1.17408,1.17408,1.15179,1.15179,0.831618,178176.0
2011-10-03,1.15179,1.17408,1.15179,1.16665,0.842347,23550.0
2011-10-04,1.15179,1.15179,1.12206,1.12206,0.810152,90837.0
2011-10-05,1.14435,1.16665,1.14435,1.16665,0.842347,422831.0
2011-10-06,1.15179,1.16665,1.14435,1.15922,0.836982,797484.0
2011-10-07,1.16665,1.16665,1.15922,1.15922,0.836982,403048.0
2011-10-10,1.12949,1.15922,1.1072,1.11463,0.804787,698976.0
2011-10-11,1.12949,1.12949,1.11463,1.11463,0.804787,139553.0
2011-10-12,1.11463,1.14435,1.11463,1.14435,0.826246,111562.0
2011-10-13,1.13692,1.13692,1.1072,1.1072,0.799423,1326897.0
2011-10-14,1.11463,1.12949,1.1072,1.12949,0.815517,467778.0
2011-10-17,1.15179,1.15922,1.12949,1.14435,0.826246,162700.0
2011-10-18,1.14435,1.16665,1.12949,1.15179,0.831618,244386.0
2011-10-19,1.14435,1.15179,1.14435,1.15179,0.831618,13592.0
2011-10-20,1.13692,1.13692,1.12206,1.12949,0.815517,123135.0
2011-10-21,1.12206,1.12206,1.11463,1.11463,0.804787,53829.0
2011-10-25,1.13692,1.13692,1.12949,1.12949,0.815517,6863.0
2011-10-26,1.12206,1.12206,1.11463,1.11463,0.804787,169294.0
2011-10-27,1.11463,1.12206,1.1072,1.11463,0.804787,368059.0
2011-10-28,1.12206,1.12206,1.11463,1.11463,0.804787,57598.0
2011-10-31,1.11463,1.12949,1.11463,1.11463,0.804787,537891.0
2011-11-01,1.11463,1.11463,1.11463,1.11463,0.804787,245462.0
2011-11-02,1.11463,1.11463,1.11463,1.11463,0.804787,35124.0
2011-11-03,1.11463,1.13692,1.11463,1.11463,0.804787,286777.0
2011-11-04,1.12206,1.13692,1.12206,1.12949,0.815517,61635.0
2011-11-07,1.15179,1.15179,1.12949,1.14435,0.826246,81417.0
2011-11-08,1.14435,1.14435,1.13692,1.13692,0.820881,271570.0
2011-11-09,1.14435,1.15922,1.14435,1.15179,0.831618,182616.0
2011-11-10,1.13692,1.17408,1.13692,1.17408,0.847712,75227.0
2011-11-11,1.18151,1.2038,1.18151,1.18894,0.858441,516225.0
2011-11-14,1.18894,1.23352,1.17408,1.23352,0.890629,950225.0
2011-11-15,1.23352,1.24839,1.21123,1.21123,0.874535,968796.0
2011-11-16,1.21123,1.21866,1.18894,1.19637,0.863805,197150.0
2011-11-17,1.18894,1.18894,1.18151,1.18151,0.853076,176292.0
2011-11-18,1.17408,1.18151,1.17408,1.18151,0.853076,69978.0
2011-11-21,1.18894,1.2038,1.18151,1.18894,0.858441,293101.0
2011-11-22,1.18151,1.2038,1.15922,1.17408,0.847712,483120.0
2011-11-23,1.17408,1.19637,1.17408,1.19637,0.863805,178445.0
2011-11-24,1.18894,1.2038,1.18151,1.19637,0.863805,53964.0
2011-11-25,1.2038,1.2038,1.18894,1.19637,0.863805,141841.0
2011-11-28,1.18894,1.18894,1.18894,1.18894,0.858441,15476.0
2011-11-29,1.18894,1.2038,1.18894,1.19637,0.863805,306963.0
2011-11-30,1.19637,1.2038,1.19637,1.2038,0.86917,59212.0
2011-12-01,1.21866,1.21866,1.21123,1.21123,0.874535,152876.0
2011-12-02,1.21123,1.21866,1.19637,1.21866,0.879899,85051.0
2011-12-06,1.21866,1.22609,1.21123,1.21866,0.879899,82897.0
2011-12-07,1.22609,1.23352,1.22609,1.22609,0.885264,301445.0
2011-12-08,1.22609,1.24839,1.22609,1.24096,0.896,209128.0
2011-12-09,1.22609,1.24839,1.22609,1.24096,0.896,123942.0
2011-12-13,1.24096,1.24096,1.22609,1.22609,0.885264,128518.0
2011-12-14,1.23352,1.23352,1.22609,1.22609,0.885264,89626.0
2011-12-15,1.21866,1.22609,1.21866,1.21866,0.879899,64461.0
2011-12-16,1.22609,1.22609,1.21123,1.21123,0.874535,197689.0
2011-12-19,1.22609,1.23352,1.21866,1.21866,0.879899,91241.0
2011-12-20,1.21866,1.26325,1.21866,1.22609,0.885264,1155450.0
2011-12-21,1.23352,1.25582,1.23352,1.23352,0.890629,642993.0
2011-12-22,1.23352,1.25582,1.23352,1.23352,0.890629,829378.0
2011-12-23,1.23352,1.25582,1.23352,1.24096,0.896,102276.0
2011-12-26,1.24839,1.24839,1.2038,1.24096,0.896,102949.0
2011-12-27,1.24839,1.24839,1.24096,1.24096,0.896,1615.0
2011-12-28,1.24096,1.24839,1.24096,1.24839,0.901365,269.0
2011-12-29,1.24839,1.24839,1.22609,1.24096,0.896,100527.0
2011-12-30,1.24096,1.26325,1.2038,1.21123,0.874535,1056403.0
2012-01-04,1.21123,1.24839,1.21123,1.21866,0.879899,280317.0
2012-01-05,1.24096,1.24096,1.21123,1.21866,0.879899,280048.0
2012-01-06,1.23352,1.24839,1.23352,1.24839,0.901365,87338.0
2012-01-09,1.24096,1.25582,1.24096,1.25582,0.90673,109408.0
2012-01-10,1.25582,1.25582,1.23352,1.23352,0.890629,274799.0
2012-01-11,1.25582,1.26325,1.24096,1.24839,0.901365,411123.0
2012-01-12,1.24839,1.24839,1.24839,1.24839,0.901365,241560.0
2012-01-13,1.25582,1.25582,1.24096,1.25582,0.90673,448130.0
2012-01-16,1.24096,1.24839,1.23352,1.24096,0.896,326610.0
2012-01-17,1.24839,1.28554,1.24096,1.25582,0.90673,2902351.0
2012-01-18,1.27811,1.28554,1.24839,1.24839,0.901365,1449897.0
2012-01-19,1.26325,1.28554,1.26325,1.26325,0.912094,3272428.0
2012-01-20,1.27068,1.3004,1.25582,1.25582,0.90673,4883948.0
2012-01-23,1.26325,1.26325,1.24839,1.26325,0.912094,1633859.0
2012-01-24,1.25582,1.27068,1.25582,1.26325,0.912094,117079.0
2012-01-25,1.25582,1.26325,1.24839,1.25582,0.90673,295658.0
2012-01-26,1.26325,1.26325,1.25582,1.26325,0.912094,58001.0
2012-01-27,1.26325,1.28554,1.26325,1.27068,0.917459,880516.0
2012-01-30,1.27811,1.28554,1.27068,1.27068,0.917459,341010.0
2012-01-31,1.27811,1.28554,1.27068,1.28554,0.928188,502902.0
2012-02-01,1.27811,1.28554,1.27811,1.27811,0.922824,344643.0
2012-02-02,1.28554,1.3004,1.28554,1.29297,0.933553,2045385.0
2012-02-03,1.29297,1.30783,1.29297,1.29297,0.933553,1956029.0
2012-02-06,1.3004,1.30783,1.29297,1.29297,0.933553,384208.0
2012-02-07,1.29297,1.3004,1.29297,1.29297,0.933553,470200.0
2012-02-08,1.29297,1.3004,1.29297,1.29297,0.933553,508958.0
2012-02-09,1.3004,1.30783,1.3004,1.30783,0.944282,551079.0
2012-02-10,1.3004,1.3004,1.29297,1.3004,0.938917,494558.0
2012-02-13,1.30783,1.33013,1.30783,1.33013,0.960383,936498.0
2012-02-14,1.33013,1.33756,1.30783,1.33013,0.960383,1143473.0
2012-02-15,1.33013,1.33013,1.3227,1.3227,0.955019,390264.0
2012-02-16,1.3227,1.33013,1.3227,1.33013,0.960383,178176.0
2012-02-17,1.33013,1.33756,1.3227,1.33756,0.965748,401030.0
2012-02-20,1.33013,1.33756,1.33013,1.33013,0.960383,358773.0
2012-02-21,1.33013,1.34499,1.3227,1.33013,0.960383,1101486.0
2012-02-22,1.33013,1.33756,1.33013,1.33756,0.965748,1693072.0
2012-02-23,1.33756,1.34499,1.33013,1.33756,0.965748,847007.0
2012-02-24,1.34499,1.34499,1.33756,1.33756,0.965748,501287.0
2012-02-27,1.33013,1.33756,1.3227,1.33756,0.965748,1241442.0
2012-02-28,1.35242,1.35242,1.3227,1.3227,0.955019,5324004.0
2012-02-29,1.33013,1.34499,1.33013,1.33756,0.965748,2103387.0
2012-03-01,1.34499,1.37471,1.34499,1.36728,0.987206,4023619.0
2012-03-02,1.37471,1.37471,1.35985,1.36728,0.987206,2263126.0
2012-03-05,1.37471,1.37471,1.36728,1.37471,0.992571,1623497.0
2012-03-06,1.37471,1.37471,1.35985,1.36728,0.987206,1654449.0
2012-03-08,1.36728,1.36728,1.33756,1.36728,0.987206,7101723.0
2012-03-09,1.24839,1.25582,1.23352,1.23352,1.000377,8228912.0
2012-03-12,1.23352,1.24096,1.21123,1.21123,0.9823,2980538.0
2012-03-13,1.21866,1.22609,1.21123,1.21866,0.988325,873922.0
2012-03-14,1.22609,1.23352,1.22609,1.23352,1.000377,585396.0
2012-03-15,1.23352,1.24096,1.22609,1.23352,1.000377,761149.0
2012-03-16,1.24096,1.24096,1.23352,1.23352,1.000377,606120.0
2012-03-19,1.23352,1.24839,1.22609,1.23352,1.000377,1900315.0
2012-03-20,1.23352,1.24839,1.22609,1.22609,0.994351,1088567.0
2012-03-21,1.22609,1.24096,1.22609,1.24096,1.006411,1020203.0
2012-03-22,1.24096,1.24839,1.23352,1.23352,1.000377,2293001.0
2012-03-23,1.24096,1.24839,1.23352,1.24839,1.012436,413545.0
2012-03-26,1.24096,1.30783,1.24096,1.30783,1.060642,4102613.0
2012-03-27,1.30783,1.30783,1.29297,1.3004,1.054616,1320033.0
2012-03-28,1.3004,1.33013,1.3004,1.31526,1.066667,2218044.0
2012-03-29,1.30783,1.35985,1.30783,1.34499,1.090778,5051358.0
2012-03-30,1.34499,1.35985,1.33013,1.33756,1.084752,1403873.0
2012-04-02,1.34499,1.34499,1.3227,1.33013,1.078727,718085.0
2012-04-03,1.33756,1.397,1.33756,1.38957,1.126932,3959831.0
2012-04-04,1.38957,1.38957,1.36728,1.37471,1.114881,1740980.0
2012-04-05,1.35985,1.397,1.35985,1.36728,1.108855,903124.0
2012-04-10,1.36728,1.36728,1.34499,1.35242,1.096804,580147.0
2012-04-11,1.35242,1.35242,1.34499,1.34499,1.090778,371693.0
2012-04-12,1.34499,1.35242,1.34499,1.35242,1.096804,534258.0
2012-04-17,1.35242,1.35985,1.34499,1.34499,1.090778,339529.0
2012-04-18,1.34499,1.35242,1.33756,1.33756,1.084752,304540.0
2012-04-19,1.35242,1.35985,1.33756,1.33756,1.084752,358370.0
2012-04-20,1.34499,1.35985,1.34499,1.35242,1.096804,1676250.0
2012-04-23,1.35242,1.35985,1.35242,1.35242,1.096804,289737.0
2012-04-24,1.35242,1.35242,1.3227,1.33756,1.084752,2501725.0
2012-04-25,1.33756,1.34499,1.33756,1.34499,1.090778,222719.0
2012-04-26,1.34499,1.34499,1.33756,1.33756,1.084752,573822.0
2012-04-27,1.35242,1.35242,1.33756,1.34499,1.090778,693997.0
2012-04-30,1.35242,1.35242,1.34499,1.34499,1.090778,206840.0
2012-05-02,1.35242,1.35242,1.34499,1.35242,1.096804,626306.0
2012-05-03,1.35242,1.40444,1.35242,1.37471,1.114881,3544940.0
2012-05-04,1.38214,1.40444,1.37471,1.38957,1.126932,2690801.0
2012-05-08,1.38957,1.397,1.38214,1.397,1.132958,350430.0
2012-05-09,1.38957,1.38957,1.38214,1.38957,1.126932,150723.0
2012-05-10,1.38957,1.38957,1.35985,1.38214,1.120907,995172.0
2012-05-11,1.35985,1.36728,1.35985,1.36728,1.108855,763571.0
2012-05-14,1.44902,1.44902,1.38214,1.38957,1.126932,4385891.0
2012-05-15,1.40444,1.40444,1.38214,1.397,1.132958,683365.0
2012-05-16,1.397,1.4193,1.397,1.4193,1.151043,1524451.0
2012-05-17,1.43416,1.5159,1.41187,1.50104,1.217334,7817251.0
2012-05-18,1.47131,1.64965,1.46388,1.59021,1.28965,8910258.0
2012-05-21,1.57535,1.59021,1.50104,1.50104,1.217334,1712181.0
2012-05-22,1.5159,1.56048,1.48617,1.48617,1.205274,2784195.0
2012-05-23,1.48617,1.59021,1.48617,1.53076,1.241436,12380779.0
2012-05-24,1.54562,1.56048,1.50104,1.5159,1.229385,4186587.0
2012-05-25,1.54562,1.66452,1.53076,1.60507,1.301701,9433077.0
2012-05-28,1.64965,1.87258,1.63479,1.81313,1.470437,26804521.0
2012-05-29,1.82799,1.82799,1.75369,1.75369,1.422231,10702645.0
2012-05-30,1.76855,1.76855,1.63479,1.66452,1.349915,5438661.0
2012-05-31,1.64965,1.69424,1.63479,1.69424,1.374018,2988074.0
2012-06-01,1.69424,1.69424,1.57535,1.61993,1.313753,3030196.0
2012-06-05,1.61993,1.61993,1.5159,1.54562,1.253488,1885377.0
2012-06-06,1.54562,1.59021,1.54562,1.59021,1.28965,311269.0
2012-06-07,1.63479,1.63479,1.50104,1.53076,1.241436,1960200.0
2012-06-08,1.50104,1.56048,1.50104,1.56048,1.265539,661564.0
2012-06-11,1.57535,1.59021,1.56048,1.57535,1.277599,813633.0
2012-06-12,1.56048,1.60507,1.56048,1.56048,1.265539,1145087.0
2012-06-13,1.57535,1.60507,1.56048,1.59021,1.28965,1181961.0
2012-06-14,1.59021,1.66452,1.59021,1.61993,1.313753,3643448.0
2012-06-15,1.67938,1.67938,1.61993,1.61993,1.313753,3416153.0
2012-06-18,1.61993,1.66452,1.61993,1.63479,1.325804,2203644.0
2012-06-19,1.67938,1.72396,1.66452,1.66452,1.349915,5900249.0
2012-06-20,1.66452,1.69424,1.66452,1.69424,1.374018,2057497.0
2012-06-21,1.72396,1.72396,1.67938,1.7091,1.386069,1783505.0
2012-06-22,1.69424,1.81313,1.67938,1.76855,1.434283,11550729.0
2012-06-25,1.79827,1.81313,1.7091,1.7091,1.386069,4063991.0
2012-06-26,1.72396,1.88744,1.7091,1.76855,1.434283,22864877.0
2012-06-27,1.78341,1.84286,1.78341,1.82799,1.482488,5557624.0
2012-06-28,1.91717,1.97661,1.87258,1.88744,1.530702,14353091.0
2012-06-29,1.9023,1.93203,1.87258,1.88744,1.530702,3031945.0
2012-07-02,1.9023,1.9023,1.82799,1.85772,1.506599,2558515.0
2012-07-03,1.87258,1.87258,1.78341,1.81313,1.470437,2292732.0
2012-07-04,1.79827,1.82799,1.7091,1.72396,1.39812,4197488.0
2012-07-05,1.73882,1.76855,1.73882,1.75369,1.422231,1346410.0
2012-07-06,1.75369,1.78341,1.73882,1.78341,1.446334,845392.0
2012-07-09,1.78341,1.9023,1.76855,1.87258,1.51865,6165897.0
2012-07-10,1.91717,1.96175,1.88744,1.88744,1.530702,9053983.0
2012-07-11,1.94689,1.94689,1.88744,1.88744,1.530702,2583815.0
2012-07-12,1.9023,1.9023,1.81313,1.82799,1.482488,3608324.0
2012-07-13,1.84286,1.87258,1.81313,1.87258,1.51865,1169176.0
2012-07-16,1.88744,1.9023,1.84286,1.85772,1.506599,791832.0
2012-07-17,1.88744,1.88744,1.84286,1.84286,1.494547,1378304.0
2012-07-18,1.85772,1.94689,1.85772,1.94689,1.578915,5631505.0
2012-07-19,1.97661,1.97661,1.88744,1.88744,1.530702,9283835.0
2012-07-20,1.9023,1.94689,1.88744,1.91717,1.554813,2790116.0
2012-07-23,1.87258,1.91717,1.87258,1.87258,1.51865,1534813.0
2012-07-24,1.88744,1.9023,1.85772,1.85772,1.506599,1255707.0
2012-07-25,1.87258,1.91717,1.79827,1.9023,1.542753,5251873.0
2012-07-26,1.87258,1.88744,1.82799,1.84286,1.494547,2665636.0
2012-07-27,1.87258,1.88744,1.79827,1.81313,1.470437,1678403.0
2012-07-30,1.81313,1.84286,1.81313,1.82799,1.482488,608408.0
2012-07-31,1.85772,1.85772,1.82799,1.84286,1.494547,288930.0
2012-08-01,1.85772,1.87258,1.84286,1.85772,1.506599,1365519.0
2012-08-03,1.85772,1.87258,1.84286,1.85772,1.506599,689690.0
2012-08-06,1.87258,1.87258,1.84286,1.85772,1.506599,596431.0
2012-08-07,1.87258,1.87258,1.84286,1.85772,1.506599,895588.0
2012-08-08,1.85772,1.85772,1.84286,1.84286,1.494547,962875.0
2012-08-09,1.85772,1.87258,1.82799,1.82799,1.482488,1355157.0
2012-08-10,1.82799,1.82799,1.81313,1.81313,1.470437,992212.0
2012-08-14,1.81313,1.91717,1.81313,1.85772,1.506599,6595591.0
2012-08-15,1.87258,1.87258,1.85772,1.85772,1.506599,963951.0
2012-08-16,1.85772,2.03606,1.85772,2.03606,1.651232,22824505.0
2012-08-17,2.06578,2.06578,1.97661,2.0212,1.63918,14738510.0
2012-08-20,2.05092,2.05092,2.00634,2.00634,1.627129,1641530.0
2012-08-21,2.00634,2.06578,2.00634,2.05092,1.663283,3522466.0
2012-08-22,2.03606,2.12523,2.0212,2.11037,1.711496,14695581.0
2012-08-23,2.15495,2.15495,2.09551,2.09551,1.699445,4212156.0
2012-08-24,2.08064,2.09551,2.05092,2.06578,1.675334,1387051.0
2012-08-27,2.08064,2.09551,2.00634,2.00634,1.627129,2465390.0
2012-08-28,2.00634,2.06578,2.00634,2.05092,1.663283,1329050.0
2012-08-29,2.05092,2.09551,2.05092,2.09551,1.699445,3735093.0
2012-08-30,2.14009,2.18468,2.11037,2.12523,1.723548,11095870.0
2012-08-31,2.14009,2.14009,2.06578,2.11037,1.711496,1255842.0
2012-09-03,2.11037,2.12523,2.09551,2.09551,1.699445,739482.0
2012-09-04,2.08064,2.15495,2.08064,2.12523,1.723548,1919828.0
2012-09-05,2.14009,2.18468,2.12523,2.15495,1.74765,3359498.0
2012-09-06,2.18468,2.25899,2.18468,2.22926,1.807915,9556212.0
2012-09-07,2.27385,2.43733,2.25899,2.39274,1.940497,17205650.0
2012-09-10,2.39274,2.39274,2.27385,2.33329,1.892283,5637695.0
2012-09-11,2.31843,2.37788,2.28871,2.30357,1.86818,3517083.0
2012-09-12,2.31843,2.4076,2.31843,2.37788,1.928445,12141911.0
2012-09-13,2.34816,2.37788,2.33329,2.37788,1.928445,4678993.0
2012-09-14,2.37788,2.39274,2.33329,2.34816,1.904343,3712619.0
2012-09-17,2.36302,2.36302,2.30357,2.31843,1.880232,2637241.0
2012-09-18,2.31843,2.31843,2.31843,2.31843,1.880232,1772739.0
2012-09-19,2.31843,2.36302,2.31843,2.33329,1.892283,987771.0
2012-09-20,2.33329,2.4076,2.31843,2.37788,1.928445,11393950.0
2012-09-21,2.4076,2.4076,2.36302,2.36302,1.916394,3638065.0
2012-09-24,2.39274,2.4076,2.34816,2.36302,1.916394,3449393.0
2012-09-25,2.36302,2.37788,2.33329,2.33329,1.892283,1925211.0
2012-09-26,2.36302,2.37788,2.25899,2.28871,1.856129,3785692.0
2012-09-27,2.28871,2.33329,2.28871,2.30357,1.86818,982792.0
2012-09-28,2.31843,2.33329,2.30357,2.31843,1.880232,1111579.0
2012-10-01,2.31843,2.33329,2.31843,2.31843,1.880232,577859.0
2012-10-02,2.31843,2.33329,2.30357,2.30357,1.86818,1086144.0
2012-10-03,2.30357,2.36302,2.30357,2.31843,1.880232,1962353.0
2012-10-04,2.33329,2.34816,2.31843,2.33329,1.892283,740290.0
2012-10-05,2.34816,2.34816,2.31843,2.31843,1.880232,1155181.0
2012-10-08,2.33329,2.34816,2.31843,2.31843,1.880232,728986.0
2012-10-09,2.33329,2.34816,2.28871,2.28871,1.856129,1500900.0
2012-10-10,2.28871,2.30357,2.28871,2.28871,1.856129,1316400.0
2012-10-11,2.30357,2.4076,2.28871,2.36302,1.916394,7550795.0
2012-10-12,2.37788,2.39274,2.30357,2.30357,1.86818,2455970.0
2012-10-15,2.30357,2.30357,2.28871,2.28871,1.856129,932327.0
2012-10-16,2.30357,2.33329,2.28871,2.28871,1.856129,648376.0
2012-10-17,2.30357,2.30357,2.25899,2.27385,1.844078,1061786.0
2012-10-18,2.27385,2.36302,2.27385,2.28871,1.856129,2615709.0
2012-10-19,2.30357,2.33329,2.28871,2.28871,1.856129,1340354.0
2012-10-22,2.28871,2.31843,2.28871,2.28871,1.856129,1690918.0
2012-10-24,2.28871,2.31843,2.28871,2.28871,1.856129,773530.0
2012-10-25,2.28871,2.30357,2.27385,2.28871,1.856129,413276.0
2012-10-26,2.28871,2.30357,2.25899,2.27385,1.844078,783892.0
2012-10-29,2.28871,2.28871,2.25899,2.25899,1.832026,619577.0
2012-10-30,2.25899,2.31843,2.25899,2.28871,1.856129,1493499.0
2012-10-31,2.28871,2.28871,2.28871,2.28871,1.856129,187192.0
2012-11-01,2.28871,2.33329,2.28871,2.28871,1.856129,1096372.0
2012-11-02,2.31843,2.4076,2.30357,2.4076,1.952548,7989236.0
2012-11-05,2.39274,2.4076,2.33329,2.33329,1.892283,3781924.0
2012-11-06,2.33329,2.37788,2.31843,2.31843,1.880232,1225966.0
2012-11-07,2.31843,2.34816,2.31843,2.34816,1.904343,587818.0
2012-11-08,2.33329,2.33329,2.31843,2.31843,1.880232,638283.0
2012-11-09,2.31843,2.31843,2.30357,2.30357,1.86818,858715.0
2012-11-12,2.31843,2.31843,2.31843,2.31843,1.880232,95951.0
2012-11-13,2.31843,2.33329,2.25899,2.28871,1.856129,4780461.0
2012-11-14,2.28871,2.30357,2.25899,2.25899,1.832026,1542618.0
2012-11-15,2.22926,2.22926,2.12523,2.18468,1.771761,2842735.0
2012-11-16,2.18468,2.22926,2.16981,2.18468,1.771761,1050078.0
2012-11-19,2.18468,2.19954,2.18468,2.19954,1.783813,236311.0
2012-11-20,2.19954,2.2144,2.18468,2.18468,1.771761,442747.0
2012-11-21,2.19954,2.19954,2.16981,2.16981,1.759702,596296.0
2012-11-22,2.16981,2.24412,2.16981,2.18468,1.771761,1739769.0
2012-11-23,2.18468,2.18468,2.15495,2.16981,1.759702,901375.0
2012-11-26,2.18468,2.2144,2.18468,2.19954,1.783813,197823.0
2012-11-27,2.19954,2.22926,2.18468,2.18468,1.771761,849967.0
2012-11-28,2.19954,2.22926,2.19954,2.19954,1.783813,657931.0
2012-11-29,2.24412,2.24412,2.19954,2.22926,1.807915,603159.0
2012-11-30,2.22926,2.22926,2.2144,2.2144,1.795864,473834.0
2012-12-03,2.24412,2.25899,2.22926,2.24412,1.819967,400357.0
2012-12-04,2.25899,2.28871,2.25899,2.28871,1.856129,1035006.0
2012-12-06,2.27385,2.31843,2.27385,2.31843,1.880232,601814.0
2012-12-07,2.31843,2.31843,2.28871,2.28871,1.856129,529009.0
2012-12-11,2.28871,2.30357,2.28871,2.30357,1.86818,545427.0
2012-12-12,2.30357,2.37788,2.28871,2.34816,1.904343,7150842.0
2012-12-13,2.33329,2.34816,2.31843,2.33329,1.892283,2957391.0
2012-12-14,2.37788,2.37788,2.34816,2.34816,1.904343,3249685.0
2012-12-17,2.37788,2.39274,2.36302,2.36302,1.916394,1151682.0
2012-12-18,2.37788,2.39274,2.33329,2.34816,1.904343,824668.0
2012-12-19,2.36302,2.36302,2.33329,2.33329,1.892283,1218161.0
2012-12-20,2.33329,2.36302,2.33329,2.33329,1.892283,1034199.0
2012-12-21,2.33329,2.4076,2.31843,2.36302,1.916394,3485997.0
2012-12-24,2.37788,2.37788,2.34816,2.36302,1.916394,405605.0
2012-12-25,2.37788,2.37788,2.34816,2.36302,1.916394,290679.0
2012-12-26,2.37788,2.37788,2.34816,2.36302,1.916394,704359.0
2012-12-27,2.37788,2.37788,2.33329,2.33329,1.892283,1318822.0
2012-12-28,2.34816,2.36302,2.33329,2.34816,1.904343,489041.0
2013-01-02,2.34816,2.36302,2.31843,2.36302,1.916394,309923.0
2013-01-03,2.34816,2.36302,2.28871,2.31843,1.880232,1684593.0
2013-01-04,2.34816,2.34816,2.30357,2.31843,1.880232,688210.0
2013-01-07,2.31843,2.34816,2.31843,2.33329,1.892283,835164.0
2013-01-08,2.34816,2.37788,2.33329,2.37788,1.928445,1237809.0
2013-01-09,2.37788,2.39274,2.36302,2.36302,1.916394,1718641.0
2013-01-10,2.39274,2.39274,2.33329,2.36302,1.916394,1624170.0
2013-01-11,2.36302,2.37788,2.33329,2.36302,1.916394,863963.0
2013-01-14,2.36302,2.37788,2.36302,2.37788,1.928445,670312.0
2013-01-15,2.4076,2.42246,2.39274,2.4076,1.952548,3147006.0
2013-01-16,2.43733,2.51164,2.4076,2.49677,2.024864,2694973.0
2013-01-17,2.5265,2.54136,2.45219,2.49677,2.024864,3957139.0
2013-01-18,2.49677,2.49677,2.43733,2.45219,1.98871,1470352.0
2013-01-21,2.45219,2.49677,2.42246,2.46705,2.000762,1195822.0
2013-01-22,2.46705,2.48191,2.4076,2.4076,1.952548,722661.0
2013-01-23,2.4076,2.45219,2.37788,2.4076,1.952548,1682709.0
2013-01-24,2.43733,2.45219,2.37788,2.4076,1.952548,769761.0
2013-01-25,2.43733,2.45219,2.42246,2.43733,1.976659,1035141.0
2013-01-28,2.46705,2.46705,2.43733,2.43733,1.976659,672330.0
2013-01-29,2.43733,2.46705,2.43733,2.45219,1.98871,1450166.0
2013-01-30,2.45219,2.46705,2.43733,2.43733,1.976659,954666.0
2013-01-31,2.43733,2.43733,2.39274,2.4076,1.952548,1472102.0
2013-02-01,2.39274,2.43733,2.39274,2.42246,1.964599,833819.0
2013-02-04,2.4076,2.42246,2.4076,2.42246,1.964599,506670.0
2013-02-05,2.42246,2.45219,2.42246,2.43733,1.976659,1002170.0
2013-02-06,2.45219,2.46705,2.43733,2.45219,1.98871,719431.0
2013-02-07,2.45219,2.46705,2.43733,2.45219,1.98871,721450.0
2013-02-08,2.46705,2.48191,2.46705,2.46705,2.000762,944438.0
2013-02-11,2.48191,2.49677,2.45219,2.48191,2.012813,773260.0
2013-02-12,2.49677,2.49677,2.43733,2.45219,1.98871,1783101.0
2013-02-13,2.46705,2.46705,2.43733,2.45219,1.98871,1328511.0
2013-02-14,2.45219,2.54136,2.43733,2.54136,2.061027,7207363.0
2013-02-15,2.60081,2.97235,2.58594,2.83859,2.302078,22185280.0
2013-02-18,2.9129,2.95749,2.79401,2.80887,2.277975,6976838.0
2013-02-19,2.80887,2.83859,2.76428,2.80887,2.277975,3036252.0
2013-02-20,2.80887,2.88318,2.80887,2.85346,2.314138,2848118.0
2013-02-21,2.89804,2.9129,2.85346,2.88318,2.33824,3446836.0
2013-02-22,2.89804,3.1061,2.88318,3.06152,2.482873,9493097.0
2013-02-26,3.06152,3.225,3.06152,3.19528,2.591352,18214010.0
2013-02-27,3.31417,3.31417,3.06152,3.19528,2.591352,4713578.0
2013-02-28,3.21014,3.21014,3.15069,3.18041,2.579292,2080644.0
2013-03-01,3.19528,3.23986,3.19528,3.19528,2.591352,1746363.0
2013-03-04,3.225,3.26958,3.225,3.26958,2.651608,1940822.0
2013-03-05,3.26958,3.28445,3.23986,3.23986,2.627506,1533602.0
2013-03-06,3.26958,3.34389,3.23986,3.28445,2.663668,2279544.0
2013-03-07,3.28445,3.31417,3.225,3.26958,2.651608,4606323.0
2013-03-08,3.1061,3.21014,3.09124,3.19528,2.778294,3607786.0
2013-03-11,3.16555,3.19528,3.12097,3.13583,2.726602,1385974.0
2013-03-12,3.12097,3.18041,3.06152,3.1061,2.700752,2155870.0
2013-03-13,3.1061,3.18041,3.1061,3.13583,2.726602,2416809.0
2013-03-14,3.15069,3.16555,3.09124,3.16555,2.752444,1673020.0
2013-03-15,3.18041,3.21014,3.13583,3.13583,2.726602,2151430.0
2013-03-18,3.15069,3.15069,3.07638,3.1061,2.700752,1006477.0
2013-03-19,3.12097,3.18041,3.09124,3.1061,2.700752,1962219.0
2013-03-20,3.1061,3.1061,2.94263,3.04666,2.649069,2926843.0
2013-03-21,3.0318,3.07638,2.97235,3.04666,2.649069,1899238.0
2013-03-22,3.01693,3.04666,2.92776,2.95749,2.571536,3758778.0
2013-03-25,2.97235,3.0318,2.97235,3.01693,2.623219,298215.0
2013-03-26,3.00207,3.18041,3.00207,3.1061,2.700752,3213620.0
2013-03-27,3.15069,3.15069,3.1061,3.1061,2.700752,2274834.0
2013-03-28,3.1061,3.1061,3.06152,3.07638,2.674911,631689.0
2013-03-29,3.06152,3.12097,3.04666,3.09124,2.687831,224738.0
2013-04-01,3.13583,3.13583,3.09124,3.12097,2.713682,1178865.0
2013-04-02,3.12097,3.16555,3.1061,3.1061,2.700752,1512205.0
2013-04-03,3.12097,3.12097,3.09124,3.09124,2.687831,1357445.0
2013-04-04,3.0318,3.15069,2.98721,3.13583,2.726602,1083049.0
2013-04-05,3.12097,3.15069,3.07638,3.09124,2.687831,1044023.0
2013-04-09,3.09124,3.13583,3.0318,3.09124,2.687831,888321.0
2013-04-10,3.12097,3.19528,3.12097,3.15069,2.739523,797484.0
2013-04-11,3.19528,3.19528,3.15069,3.15069,2.739523,234697.0
2013-04-12,3.15069,3.19528,3.13583,3.19528,2.778294,485138.0
2013-04-17,3.19528,3.19528,3.15069,3.16555,2.752444,428348.0
2013-04-18,3.19528,3.225,3.15069,3.16555,2.752444,2006090.0
2013-04-19,3.18041,3.18041,3.15069,3.15069,2.739523,289064.0
2013-04-22,3.15069,3.18041,3.13583,3.16555,2.752444,319209.0
2013-04-23,3.16555,3.16555,3.15069,3.15069,2.739523,370212.0
2013-04-24,3.16555,3.19528,3.15069,3.18041,2.765365,850102.0
2013-04-25,3.16555,3.18041,3.15069,3.15069,2.739523,903259.0
2013-04-26,3.15069,3.16555,3.15069,3.15069,2.739523,413680.0
2013-04-29,3.23986,3.23986,3.23986,3.23986,2.817057,12650.0
2013-04-30,3.23986,3.31417,3.23986,3.26958,2.842898,401433.0
2013-05-02,3.26958,3.31417,3.23986,3.23986,2.817057,290006.0
2013-05-03,3.31417,3.71544,3.31417,3.46279,3.010894,6199137.0
2013-05-07,3.46279,4.45852,3.46279,4.27275,3.715154,12066146.0
2013-05-08,4.12413,4.27275,4.01267,4.19844,3.650541,2498091.0
2013-05-09,4.30991,4.38422,4.16129,4.30991,3.747464,2106616.0
2013-05-10,4.30991,4.34706,4.04983,4.12413,3.585928,1070534.0
2013-05-13,4.2356,4.2356,3.71544,3.8269,3.327487,977140.0
2013-05-14,3.8269,3.8269,3.40334,3.43306,2.985044,4944237.0
2013-05-15,3.40334,3.43306,3.31417,3.4182,2.972123,1559440.0
2013-05-16,3.40334,3.40334,3.23986,3.28445,2.855828,2389760.0
2013-05-17,3.26958,3.26958,3.19528,3.23986,2.817057,3668613.0
2013-05-20,3.23986,3.25472,3.19528,3.23986,2.817057,1220583.0
2013-05-21,3.225,3.25472,3.19528,3.225,2.804136,921291.0
2013-05-22,3.25472,3.34389,3.21014,3.23986,2.817057,3629856.0
2013-05-23,3.19528,3.225,3.13583,3.15069,2.739523,1773950.0
2013-05-27,3.15069,3.15069,3.09124,3.1061,2.700752,545427.0
2013-05-28,3.1061,3.18041,3.1061,3.1061,2.700752,741501.0
2013-05-29,3.12097,3.16555,3.09124,3.12097,2.713682,1348428.0
2013-05-30,3.12097,3.13583,3.04666,3.09124,2.687831,1592814.0
2013-05-31,3.15069,3.15069,3.04666,3.1061,2.700752,416236.0
2013-06-03,3.1061,3.13583,3.0318,3.04666,2.649069,1418945.0
2013-06-04,3.06152,3.1061,3.06152,3.07638,2.674911,1255034.0
2013-06-05,3.1061,3.12097,3.09124,3.09124,2.687831,1245749.0
2013-06-06,3.1061,3.1061,2.97235,2.98721,2.597378,1812304.0
2013-06-07,2.98721,3.13583,2.98721,3.13583,2.726602,777836.0
2013-06-10,3.13583,3.15069,3.09124,3.1061,2.700752,504248.0
2013-06-11,3.12097,3.12097,2.94263,2.95749,2.571536,1451646.0
2013-06-12,2.95749,2.97235,2.89804,2.9129,2.532765,271973.0
2013-06-13,2.86832,2.86832,2.73456,2.85346,2.481082,1018992.0
2013-06-14,2.97235,2.97235,2.92776,2.95749,2.571536,275069.0
2013-06-17,2.97235,2.97235,2.89804,2.94263,2.558615,53426.0
2013-06-18,3.04666,3.04666,2.88318,2.89804,2.519844,107121.0
2013-06-19,2.89804,2.94263,2.88318,2.89804,2.519844,216260.0
2013-06-20,2.88318,2.88318,2.82373,2.82373,2.455232,234831.0
2013-06-21,2.60081,2.73456,2.58594,2.67511,2.326007,473565.0
2013-06-24,2.73456,2.74942,2.61567,2.7197,2.364778,522146.0
2013-06-25,2.7197,2.7197,2.67511,2.68998,2.338936,60424.0
2013-06-26,2.68998,2.70484,2.64539,2.64539,2.300165,297004.0
2013-06-27,2.67511,2.70484,2.66025,2.67511,2.326007,183289.0
2013-06-28,2.70484,2.74942,2.67511,2.70484,2.351857,380709.0
2013-07-02,2.70484,2.7197,2.67511,2.70484,2.351857,392821.0
2013-07-03,2.70484,2.70484,2.67511,2.67511,2.326007,87473.0
2013-07-04,2.7197,2.97235,2.64539,2.67511,2.326007,181540.0
2013-07-05,2.70484,2.70484,2.63053,2.67511,2.326007,198227.0
2013-07-08,2.67511,2.67511,2.60081,2.60081,2.261403,201053.0
2013-07-09,2.61567,2.63053,2.60081,2.60081,2.261403,135919.0
2013-07-10,2.60081,2.60081,2.51164,2.51164,2.18387,755900.0
2013-07-11,2.51164,2.60081,2.48191,2.5265,2.19679,352314.0
2013-07-12,2.5265,2.61567,2.51164,2.5265,2.19679,387303.0
2013-07-15,2.54136,2.55622,2.5265,2.55622,2.222632,510976.0
2013-07-16,2.55622,2.55622,2.5265,2.5265,2.19679,543947.0
2013-07-17,2.54136,2.54136,2.51164,2.54136,2.209711,236177.0
2013-07-18,2.54136,2.55622,2.5265,2.54136,2.209711,372096.0
2013-07-19,2.54136,2.58594,2.54136,2.58594,2.248473,691170.0
2013-07-23,2.58594,2.63053,2.58594,2.63053,2.287245,421216.0
2013-07-24,2.60081,2.64539,2.58594,2.64539,2.300165,286104.0
2013-07-25,2.63053,2.63053,2.55622,2.55622,2.222632,961394.0
2013-07-26,2.54136,2.55622,2.54136,2.55622,2.222632,197420.0
2013-07-29,2.55622,2.55622,2.54136,2.55622,2.222632,215991.0
2013-07-30,2.58594,2.61567,2.57108,2.57108,2.235553,296062.0
2013-07-31,2.57108,2.57108,2.5265,2.5265,2.19679,148166.0
2013-08-01,2.51164,2.58594,2.51164,2.57108,2.235553,99585.0
2013-08-02,2.57108,2.57108,2.46705,2.49677,2.17094,289199.0
2013-08-05,2.51164,2.5265,2.49677,2.5265,2.19679,49523.0
2013-08-06,2.54136,2.57108,2.5265,2.54136,2.209711,74016.0
2013-08-07,2.60081,2.60081,2.51164,2.55622,2.222632,49523.0
2013-08-08,2.5265,2.57108,2.5265,2.55622,2.222632,85858.0
2013-08-09,2.54136,2.60081,2.54136,2.55622,2.222632,46159.0
2013-08-13,2.55622,2.67511,2.55622,2.67511,2.326007,192037.0
2013-08-14,2.66025,2.66025,2.58594,2.61567,2.274323,144532.0
2013-08-15,2.60081,2.61567,2.58594,2.60081,2.261403,106179.0
2013-08-16,2.60081,2.64539,2.58594,2.64539,2.300165,182751.0
2013-08-19,2.61567,2.63053,2.57108,2.63053,2.287245,309519.0
2013-08-20,2.60081,2.60081,2.54136,2.58594,2.248473,387841.0
2013-08-21,2.58594,2.58594,2.54136,2.54136,2.209711,195536.0
2013-08-22,2.5265,2.5265,2.4076,2.5265,2.19679,946053.0
2013-08-23,2.57108,2.57108,2.49677,2.54136,2.209711,217875.0
2013-08-26,2.55622,2.55622,2.51164,2.54136,2.209711,232812.0
2013-08-27,2.5265,2.54136,2.43733,2.51164,2.18387,323919.0
2013-08-28,2.5265,2.5265,2.43733,2.49677,2.17094,262688.0
2013-08-29,2.49677,2.51164,2.48191,2.49677,2.17094,28395.0
2013-08-30,2.5265,2.5265,2.48191,2.51164,2.18387,41987.0
2013-09-02,2.5265,2.5265,2.48191,2.51164,2.18387,198765.0
2013-09-03,2.48191,2.51164,2.48191,2.48191,2.158019,72266.0
2013-09-04,2.48191,2.51164,2.48191,2.49677,2.17094,23550.0
2013-09-05,2.49677,2.54136,2.48191,2.49677,2.17094,86800.0
2013-09-06,2.49677,2.51164,2.48191,2.51164,2.18387,72266.0
2013-09-09,2.51164,2.54136,2.51164,2.51164,2.18387,103353.0
2013-09-10,2.5265,2.55622,2.51164,2.5265,2.19679,759938.0
2013-09-11,2.57108,2.57108,2.51164,2.5265,2.19679,166199.0
2013-09-12,2.5265,2.55622,2.5265,2.55622,2.222632,100392.0
2013-09-13,2.5265,2.58594,2.51164,2.55622,2.222632,123808.0
2013-09-16,2.55622,2.55622,2.5265,2.54136,2.209711,194324.0
2013-09-17,2.54136,2.60081,2.54136,2.60081,2.261403,241963.0
2013-09-18,2.66025,2.66025,2.57108,2.61567,2.274323,96758.0
2013-09-19,2.97235,2.97235,2.66025,2.76428,2.40354,317459.0
2013-09-20,2.82373,2.82373,2.7197,2.73456,2.377698,197689.0
2013-09-23,2.82373,2.82373,2.68998,2.7197,2.364778,155433.0
2013-09-24,2.67511,2.70484,2.67511,2.70484,2.351857,146954.0
2013-09-25,2.68998,2.68998,2.68998,2.68998,2.338936,4037.0
2013-09-26,2.67511,2.68998,2.67511,2.68998,2.338936,20993.0
2013-09-27,2.70484,2.7197,2.68998,2.68998,2.338936,15341.0
2013-09-30,2.67511,2.67511,2.58594,2.60081,2.261403,121116.0
2013-10-01,2.60081,2.61567,2.58594,2.60081,2.261403,97431.0
2013-10-02,2.60081,2.61567,2.60081,2.60081,2.261403,75765.0
2013-10-03,2.60081,2.63053,2.58594,2.58594,2.248473,78053.0
2013-10-04,2.60081,2.60081,2.57108,2.60081,2.261403,180463.0
2013-10-07,2.60081,2.60081,2.5265,2.58594,2.248473,90299.0
2013-10-08,2.61567,2.61567,2.57108,2.58594,2.248473,45620.0
2013-10-09,2.60081,2.60081,2.58594,2.58594,2.248473,55714.0
2013-10-10,2.60081,2.60081,2.57108,2.60081,2.261403,69305.0
2013-10-11,2.60081,2.60081,2.58594,2.60081,2.261403,153414.0
2013-10-14,2.63053,2.63053,2.58594,2.63053,2.287245,42794.0
2013-10-15,2.58594,2.70484,2.58594,2.67511,2.326007,259054.0
2013-10-16,2.70484,2.70484,2.67511,2.68998,2.338936,138611.0
2013-10-17,2.7197,2.7197,2.66025,2.67511,2.326007,100257.0
2013-10-18,2.67511,2.68998,2.64539,2.68998,2.338936,84916.0
2013-10-21,2.70484,2.70484,2.63053,2.67511,2.326007,81283.0
2013-10-22,2.68998,2.68998,2.64539,2.67511,2.326007,9420.0
2013-10-24,2.67511,2.68998,2.64539,2.66025,2.313086,96893.0
2013-10-25,2.64539,2.68998,2.64539,2.68998,2.338936,82763.0
2013-10-28,2.68998,2.68998,2.66025,2.67511,2.326007,190153.0
2013-10-29,2.66025,2.66025,2.64539,2.64539,2.300165,138880.0
2013-10-30,2.64539,2.64539,2.60081,2.64539,2.300165,190960.0
2013-10-31,2.67511,2.67511,2.64539,2.64539,2.300165,68633.0
2013-11-01,2.61567,2.66025,2.61567,2.64539,2.300165,33240.0
2013-11-04,2.61567,2.64539,2.60081,2.60081,2.261403,68902.0
2013-11-05,2.60081,2.64539,2.60081,2.64539,2.300165,6325.0
2013-11-06,2.64539,2.64539,2.63053,2.64539,2.300165,90568.0
2013-11-07,2.63053,2.66025,2.63053,2.66025,2.313086,54368.0
2013-11-08,2.66025,2.66025,2.64539,2.66025,2.313086,157586.0
2013-11-11,2.66025,2.66025,2.63053,2.64539,2.300165,59885.0
2013-11-12,2.67511,2.67511,2.63053,2.64539,2.300165,118290.0
2013-11-13,2.67511,2.68998,2.67511,2.68998,2.338936,20859.0
2013-11-14,2.70484,2.70484,2.61567,2.70484,2.351857,70517.0
2013-11-15,2.67511,2.7197,2.67511,2.7197,2.364778,11439.0
2013-11-18,2.77915,2.77915,2.67511,2.68998,2.338936,16149.0
2013-11-19,2.68998,2.70484,2.63053,2.70484,2.351857,4172.0
2013-11-20,2.67511,2.67511,2.67511,2.67511,2.326007,4306.0
2013-11-21,2.61567,2.67511,2.5265,2.67511,2.326007,132824.0
2013-11-22,2.63053,2.67511,2.58594,2.67511,2.326007,297946.0
2013-11-25,2.60081,2.64539,2.58594,2.60081,2.261403,364829.0
2013-11-26,2.63053,2.66025,2.60081,2.60081,2.261403,109678.0
2013-11-27,2.54136,2.64539,2.54136,2.64539,2.300165,133632.0
2013-11-28,2.61567,2.64539,2.60081,2.64539,2.300165,232812.0
2013-11-29,2.64539,2.64539,2.64539,2.64539,2.300165,5518.0
2013-12-02,2.63053,2.66025,2.63053,2.64539,2.300165,6729.0
2013-12-03,2.67511,2.67511,2.67511,2.67511,2.326007,135.0
2013-12-04,2.63053,2.67511,2.63053,2.67511,2.326007,54368.0
2013-12-06,2.67511,2.74942,2.63053,2.64539,2.300165,78187.0
2013-12-09,2.64539,2.64539,2.64539,2.64539,2.300165,269.0
2013-12-11,2.64539,2.66025,2.57108,2.66025,2.313086,83167.0
2013-12-12,2.64539,2.64539,2.60081,2.64539,2.300165,76707.0
2013-12-13,2.66025,2.66025,2.57108,2.64539,2.300165,53829.0
2013-12-16,2.64539,2.64539,2.48191,2.63053,2.287245,115599.0
2013-12-17,2.55622,2.64539,2.55622,2.64539,2.300165,89492.0
2013-12-18,2.60081,2.61567,2.60081,2.61567,2.274323,269.0
2013-12-19,2.60081,2.64539,2.58594,2.64539,2.300165,4172.0
2013-12-20,2.58594,2.58594,2.55622,2.55622,2.222632,47101.0
2013-12-23,2.51164,2.54136,2.51164,2.51164,2.18387,131882.0
2013-12-24,2.49677,2.5265,2.45219,2.5265,2.19679,154087.0
2013-12-25,2.57108,2.58594,2.54136,2.55622,2.222632,2288.0
2013-12-26,2.57108,2.57108,2.51164,2.51164,2.18387,69036.0
2013-12-27,2.51164,2.54136,2.46705,2.54136,2.209711,109543.0
2014-01-02,2.54136,2.54136,2.48191,2.48191,2.158019,103622.0
2014-01-03,2.45219,2.51164,2.43733,2.51164,2.18387,87742.0
2014-01-06,2.54136,2.55622,2.42246,2.42246,2.106328,117752.0
2014-01-07,2.42246,2.55622,2.42246,2.54136,2.209711,14265.0
2014-01-08,2.5265,2.54136,2.5265,2.5265,2.19679,2153.0
2014-01-09,2.5265,2.5265,2.46705,2.48191,2.158019,91645.0
2014-01-10,2.48191,2.49677,2.45219,2.49677,2.17094,54637.0
2014-01-13,2.5265,2.5265,2.51164,2.51164,2.18387,4172.0
2014-01-14,2.51164,2.54136,2.51164,2.54136,2.209711,3903.0
2014-01-15,2.54136,2.76428,2.5265,2.73456,2.377698,16687.0
2014-01-16,2.48191,2.7197,2.48191,2.68998,2.338936,37546.0
2014-01-17,2.58594,2.67511,2.57108,2.64539,2.300165,66210.0
2014-01-20,2.76428,2.76428,2.67511,2.67511,2.326007,70247.0
2014-01-21,2.67511,2.67511,2.60081,2.61567,2.274323,50600.0
2014-01-22,2.60081,2.61567,2.58594,2.61567,2.274323,80475.0
2014-01-23,2.61567,2.61567,2.61567,2.61567,2.274323,33374.0
2014-01-24,2.64539,2.74942,2.63053,2.63053,2.287245,8209.0
2014-01-27,2.63053,2.66025,2.63053,2.63053,2.287245,2422.0
2014-01-28,2.73456,2.73456,2.63053,2.70484,2.351857,53695.0
2014-01-29,2.64539,2.70484,2.61567,2.70484,2.351857,24223.0
2014-01-30,2.61567,2.67511,2.61567,2.67511,2.326007,20993.0
2014-01-31,2.67511,2.68998,2.67511,2.67511,2.326007,18302.0
2014-02-03,2.63053,2.66025,2.63053,2.66025,2.313086,15476.0
2014-02-04,2.63053,2.63053,2.61567,2.61567,2.274323,76169.0
2014-02-05,2.61567,2.61567,2.61567,2.61567,2.274323,6056.0
2014-02-06,2.61567,2.64539,2.61567,2.64539,2.300165,23416.0
2014-02-07,2.64539,2.66025,2.61567,2.64539,2.300165,14803.0
2014-02-10,2.64539,2.66025,2.64539,2.66025,2.313086,19244.0
2014-02-11,2.66025,2.66025,2.64539,2.66025,2.313086,32432.0
2014-02-12,2.66025,2.76428,2.66025,2.7197,2.364778,198765.0
2014-02-13,2.70484,2.7197,2.63053,2.7197,2.364778,106986.0
2014-02-17,2.7197,2.7197,2.61567,2.67511,2.326007,110081.0
2014-02-18,2.67511,2.67511,2.66025,2.67511,2.326007,58405.0
2014-02-19,2.63053,2.77915,2.60081,2.7197,2.364778,78053.0
2014-02-20,2.67511,2.73456,2.67511,2.7197,2.364778,42794.0
2014-02-21,2.7197,2.74942,2.70484,2.73456,2.377698,152876.0
2014-02-24,2.86832,2.86832,2.7197,2.74942,2.390619,34989.0
2014-02-25,2.82373,2.82373,2.7197,2.7197,2.364778,196074.0
2014-02-26,2.7197,2.7197,2.68998,2.70484,2.351857,87473.0
2014-02-27,2.67511,2.7197,2.67511,2.7197,2.364778,807.0
2014-02-28,2.7197,2.7197,2.60081,2.63053,2.287245,375595.0
2014-03-03,2.66025,2.68998,2.61567,2.66025,2.313086,143052.0
2014-03-04,2.68998,2.68998,2.63053,2.67511,2.326007,120982.0
2014-03-05,2.67511,2.67511,2.64539,2.66025,2.313086,144128.0
2014-03-06,2.66025,2.67511,2.66025,2.66025,2.313086,125423.0
2014-03-07,2.67511,2.68998,2.66025,2.68998,2.338936,193113.0
2014-03-10,2.68998,2.68998,2.64539,2.68998,2.338936,224200.0
2014-03-11,2.54136,2.58594,2.54136,2.58594,2.390671,149781.0
2014-03-12,2.54136,2.58594,2.54136,2.55622,2.363195,232543.0
2014-03-13,2.54136,2.55622,2.54136,2.54136,2.349457,88011.0
2014-03-14,2.55622,2.55622,2.54136,2.54136,2.349457,78053.0
2014-03-17,2.54136,2.54136,2.51164,2.5265,2.335719,405067.0
2014-03-18,2.51164,2.5265,2.49677,2.49677,2.308234,225545.0
2014-03-19,2.5265,2.54136,2.48191,2.51164,2.321981,64865.0
2014-03-20,2.51164,2.51164,2.51164,2.51164,2.321981,7536.0
2014-03-21,2.54136,2.54136,2.5265,2.5265,2.335719,23685.0
2014-03-24,2.54136,2.54136,2.51164,2.51164,2.321981,27049.0
2014-03-25,2.51164,2.5265,2.46705,2.51164,2.321981,127307.0
2014-03-26,2.51164,2.51164,2.49677,2.51164,2.321981,17091.0
2014-03-27,2.49677,2.49677,2.49677,2.49677,2.308234,44544.0
2014-03-28,2.51164,2.5265,2.49677,2.51164,2.321981,94740.0
2014-03-31,2.51164,2.51164,2.49677,2.49677,2.308234,76707.0
2014-04-01,2.5265,2.5265,2.5265,2.5265,2.335719,27049.0
2014-04-02,2.54136,2.54136,2.51164,2.51164,2.321981,80879.0
2014-04-03,2.51164,2.51164,2.48191,2.49677,2.308234,112638.0
2014-04-04,2.49677,2.51164,2.49677,2.51164,2.321981,74958.0
2014-04-08,2.51164,2.5265,2.51164,2.51164,2.321981,25838.0
2014-04-09,2.49677,2.49677,2.49677,2.49677,2.308234,61096.0
2014-04-10,2.49677,2.51164,2.48191,2.49677,2.308234,94067.0
2014-04-11,2.49677,2.5265,2.49677,2.5265,2.335719,40641.0
2014-04-16,2.5265,2.55622,2.49677,2.5265,2.335719,26646.0
2014-04-17,2.54136,2.57108,2.54136,2.54136,2.349457,139149.0
2014-04-18,2.54136,2.54136,2.51164,2.51164,2.321981,73477.0
2014-04-21,2.51164,2.55622,2.51164,2.54136,2.349457,56656.0
2014-04-22,2.55622,2.55622,2.51164,2.51164,2.321981,201861.0
2014-04-23,2.54136,2.54136,2.5265,2.5265,2.335719,138476.0
2014-04-24,2.5265,2.5265,2.51164,2.5265,2.335719,80610.0
2014-04-25,2.54136,2.54136,2.51164,2.51164,2.321981,165256.0
2014-04-28,2.51164,2.51164,2.51164,2.51164,2.321981,6998.0
2014-04-29,2.51089,2.5265,2.51089,2.51089,2.321288,134170.0
2014-04-30,2.51164,2.5265,2.51164,2.5265,2.335719,38757.0
2014-05-02,2.5265,2.55622,2.51164,2.51164,2.321981,68498.0
2014-05-06,2.51164,2.58594,2.51164,2.5265,2.335719,53695.0
2014-05-07,2.51164,2.54136,2.51164,2.54136,2.349457,100930.0
2014-05-08,2.48191,2.51164,2.48191,2.51164,2.321981,19244.0
2014-05-09,2.49677,2.5265,2.49677,2.5265,2.335719,39026.0
2014-05-12,2.49677,2.51164,2.49677,2.51164,2.321981,162161.0
2014-05-14,2.51164,2.5265,2.51164,2.5265,2.335719,45082.0
2014-05-15,2.43733,2.51164,2.37788,2.45219,2.26702,794388.0
2014-05-16,2.43733,2.48191,2.43733,2.48191,2.294496,75092.0
2014-05-19,2.48191,2.48191,2.45219,2.45219,2.26702,184231.0
2014-05-20,2.46705,2.46705,2.42246,2.42246,2.239535,65403.0
2014-05-21,2.4076,2.42246,2.37788,2.42246,2.239535,223527.0
2014-05-22,2.42246,2.45219,2.42246,2.42246,2.239535,24762.0
2014-05-23,2.37788,2.43733,2.37788,2.43733,2.253283,230256.0
2014-05-26,2.4076,2.43733,2.4076,2.42246,2.239535,24492.0
2014-05-27,2.42246,2.43733,2.37788,2.39274,2.21206,114522.0
2014-05-28,2.4076,2.42246,2.4076,2.4076,2.225797,28933.0
2014-05-29,2.37788,2.4076,2.37788,2.4076,2.225797,71459.0
2014-05-30,2.39274,2.42246,2.39274,2.42246,2.239535,137938.0
2014-06-02,2.43733,2.43733,2.4076,2.42246,2.239535,64595.0
2014-06-03,2.4076,2.45219,2.4076,2.42246,2.239535,180732.0
2014-06-04,2.42246,2.43733,2.39274,2.43733,2.253283,224873.0
2014-06-05,2.45219,2.45219,2.39274,2.4076,2.225797,98508.0
2014-06-06,2.42246,2.43733,2.42246,2.42246,2.239535,51273.0
2014-06-09,2.43733,2.43733,2.42246,2.43733,2.253283,59751.0
2014-06-10,2.43733,2.45219,2.42246,2.43733,2.253283,107794.0
2014-06-11,2.46705,2.46705,2.43733,2.43733,2.253283,14399.0
2014-06-12,2.43733,2.45219,2.43733,2.45219,2.26702,33643.0
2014-06-13,2.48191,2.48191,2.45219,2.45219,2.26702,98912.0
2014-06-16,2.45219,2.45219,2.45219,2.45219,2.26702,66614.0
2014-06-17,2.42246,2.45219,2.42246,2.45219,2.26702,51407.0
2014-06-18,2.43733,2.43733,2.42246,2.42246,2.239535,125154.0
2014-06-19,2.42246,2.43733,2.42246,2.43733,2.253283,11035.0
2014-06-20,2.43733,2.54136,2.43733,2.45219,2.26702,18706.0
2014-06-23,2.45219,2.46705,2.45219,2.46705,2.280758,88280.0
2014-06-24,2.46705,2.46705,2.43733,2.45219,2.26702,127307.0
2014-06-25,2.43733,2.46705,2.43733,2.46705,2.280758,68498.0
2014-06-26,2.45219,2.46705,2.45219,2.45219,2.26702,68767.0
2014-06-27,2.45219,2.48191,2.45219,2.46705,2.280758,324726.0
2014-06-30,2.46705,2.48191,2.45219,2.45219,2.26702,104698.0
2014-07-02,2.45219,2.45219,2.42246,2.45219,2.26702,122866.0
2014-07-03,2.43733,2.45219,2.42246,2.42246,2.239535,202937.0
2014-07-04,2.42246,2.54136,2.42246,2.45219,2.26702,742712.0
2014-07-07,2.5265,2.54136,2.45219,2.45219,2.26702,619712.0
2014-07-08,2.46705,2.48191,2.45219,2.45219,2.26702,235369.0
2014-07-09,2.45219,2.46705,2.45219,2.45219,2.26702,110216.0
2014-07-10,2.46705,2.60081,2.45219,2.48191,2.294496,921964.0
2014-07-14,2.48191,2.51164,2.48191,2.51164,2.321981,76034.0
2014-07-15,2.51164,2.51164,2.48191,2.48191,2.294496,97028.0
2014-07-16,2.48191,2.48191,2.48191,2.48191,2.294496,176426.0
2014-07-17,2.49677,2.49677,2.42246,2.45219,2.26702,564940.0
2014-07-18,2.46705,2.46705,2.43733,2.45219,2.26702,72535.0
2014-07-21,2.45219,2.46705,2.45219,2.46705,2.280758,65268.0
2014-07-22,2.46705,2.48191,2.43733,2.48191,2.294496,136592.0
2014-07-23,2.48191,2.48191,2.45219,2.46705,2.280758,82494.0
2014-07-24,2.46705,2.55622,2.45219,2.46705,2.280758,1090854.0
2014-07-25,2.49677,2.49677,2.46705,2.48191,2.294496,281528.0
2014-07-28,2.49677,2.49677,2.45219,2.46705,2.280758,165526.0
2014-07-29,2.48191,2.57108,2.45219,2.46705,2.280758,968527.0
2014-07-30,2.46705,2.46705,2.43733,2.45219,2.26702,182482.0
2014-07-31,2.43733,2.58594,2.43733,2.46705,2.280758,4031155.0
2014-08-01,2.45219,2.45219,2.42246,2.45219,2.26702,466163.0
2014-08-04,2.49677,2.49677,2.45219,2.46705,2.280758,146954.0
2014-08-05,2.48191,2.48191,2.46705,2.46705,2.280758,109408.0
2014-08-06,2.45219,2.48191,2.45219,2.45219,2.26702,142110.0
2014-08-07,2.45219,2.46705,2.45219,2.45219,2.26702,43333.0
2014-08-08,2.45219,2.46705,2.43733,2.45219,2.26702,96086.0
2014-08-13,2.46705,2.58594,2.43733,2.43733,2.253283,1567918.0
2014-08-14,2.45219,2.46705,2.42246,2.43733,2.253283,316517.0
2014-08-15,2.37788,2.43733,2.37788,2.4076,2.225797,174811.0
2014-08-18,2.39274,2.4076,2.36302,2.37788,2.198322,279779.0
2014-08-19,2.37788,2.37788,2.33329,2.37788,2.198322,421619.0
2014-08-20,2.36302,2.36302,2.33329,2.34816,2.170846,505190.0
2014-08-21,2.31843,2.43733,2.31843,2.34816,2.170846,561307.0
2014-08-22,2.36302,2.37788,2.36302,2.36302,2.184584,165526.0
2014-08-25,2.34816,2.42246,2.34816,2.4076,2.225797,118290.0
2014-08-26,2.4076,2.4076,2.34816,2.36302,2.184584,134170.0
2014-08-27,2.36302,2.37788,2.34816,2.34816,2.170846,174677.0
2014-08-28,2.36302,2.43733,2.34816,2.37788,2.198322,526991.0
2014-08-29,2.37788,2.37788,2.36302,2.36302,2.184584,141841.0
2014-09-01,2.39274,2.51164,2.36302,2.39274,2.21206,3346175.0
2014-09-02,2.39274,2.4076,2.37788,2.37788,2.198322,366579.0
2014-09-03,2.39274,2.48191,2.39274,2.39274,2.21206,1942033.0
2014-09-04,2.4076,2.43733,2.4076,2.4076,2.225797,105640.0
2014-09-05,2.4076,2.43733,2.4076,2.4076,2.225797,322439.0
2014-09-08,2.43733,2.45219,2.42246,2.42246,2.239535,89492.0
2014-09-09,2.42246,2.43733,2.42246,2.42246,2.239535,172254.0
2014-09-10,2.42246,2.43733,2.4076,2.4076,2.225797,164449.0
2014-09-11,2.42246,2.54136,2.42246,2.46705,2.280758,979158.0
2014-09-12,2.49677,2.49677,2.46705,2.48191,2.294496,210608.0
2014-09-15,2.48191,2.51164,2.46705,2.46705,2.280758,378960.0
2014-09-16,2.49677,2.51164,2.46705,2.51164,2.321981,465760.0
2014-09-17,2.5265,2.5265,2.45219,2.46705,2.280758,211550.0
2014-09-18,2.46705,2.48191,2.45219,2.45219,2.26702,46293.0
2014-09-19,2.45219,2.48191,2.45219,2.46705,2.280758,22608.0
2014-09-22,2.48191,2.5265,2.46705,2.49677,2.308234,189749.0
2014-09-23,2.46705,2.49677,2.46705,2.46705,2.280758,115330.0
2014-09-24,2.46705,2.48191,2.46705,2.48191,2.294496,33374.0
2014-09-25,2.51164,2.51164,2.48191,2.48191,2.294496,10497.0
2014-09-26,2.43733,2.49677,2.43733,2.49677,2.308234,149108.0
2014-09-29,2.49677,2.49677,2.45219,2.46705,2.280758,134574.0
2014-09-30,2.45219,2.45219,2.45219,2.45219,2.26702,57059.0
2014-10-01,2.48191,2.48191,2.45219,2.45219,2.26702,23416.0
2014-10-02,2.45219,2.45219,2.4076,2.4076,2.225797,106044.0
2014-10-03,2.4076,2.43733,2.4076,2.4076,2.225797,46293.0
2014-10-06,2.49677,2.49677,2.39274,2.39274,2.21206,84647.0
2014-10-07,2.37788,2.4076,2.37788,2.39274,2.21206,33778.0
2014-10-08,2.39274,2.42246,2.39274,2.39274,2.21206,9420.0
2014-10-09,2.42246,2.43733,2.4076,2.4076,2.225797,15745.0
2014-10-10,2.39274,2.4076,2.39274,2.4076,2.225797,44140.0
2014-10-13,2.4076,2.4076,2.39274,2.39274,2.21206,9420.0
2014-10-14,2.42246,2.42246,2.42246,2.42246,2.239535,2019.0
2014-10-15,2.42246,2.42246,2.42246,2.42246,2.239535,0.0
2014-10-16,2.39274,2.4076,2.39274,2.4076,2.225797,44006.0
2014-10-17,2.39274,2.42246,2.39274,2.4076,2.225797,2557.0
2014-10-20,2.4076,2.4076,2.39274,2.39274,2.21206,67825.0
2014-10-21,2.39274,2.39274,2.37788,2.37788,2.198322,228910.0
2014-10-22,2.34816,2.39274,2.34816,2.39274,2.21206,16553.0
2014-10-24,2.39274,2.4076,2.36302,2.4076,2.225797,57328.0
2014-10-27,2.37788,2.4076,2.37788,2.39274,2.21206,29741.0
2014-10-28,2.39274,2.39274,2.39274,2.39274,2.21206,38084.0
2014-10-29,2.42246,2.42246,2.42246,2.42246,2.239535,2557.0
2014-10-30,2.41132,2.41875,2.39571,2.39571,2.214805,25165.0
2014-10-31,2.42246,2.42246,2.39274,2.39274,2.21206,52080.0
2014-11-03,2.39274,2.4076,2.36302,2.36302,2.184584,206436.0
2014-11-04,2.36302,2.39274,2.36302,2.36302,2.184584,139149.0
2014-11-05,2.39274,2.4076,2.37788,2.37788,2.198322,7267.0
2014-11-06,2.36302,2.39274,2.36302,2.39274,2.21206,47639.0
2014-11-07,2.39274,2.4076,2.36302,2.4076,2.225797,30010.0
2014-11-10,2.37788,2.4076,2.37788,2.37788,2.198322,44948.0
2014-11-11,2.37788,2.37788,2.36302,2.37788,2.198322,68094.0
2014-11-12,2.37788,2.37788,2.34816,2.37788,2.198322,123673.0
2014-11-13,2.33329,2.34816,2.33329,2.34816,2.170846,168217.0
2014-11-14,2.34816,2.34816,2.33329,2.33329,2.157099,65537.0
2014-11-17,2.33329,2.36302,2.33329,2.33329,2.157099,65807.0
2014-11-18,2.36302,2.4076,2.33329,2.34816,2.170846,100392.0
2014-11-19,2.33329,2.34816,2.30357,2.31843,2.143361,279510.0
2014-11-20,2.33329,2.33329,2.30357,2.31843,2.143361,33913.0
2014-11-21,2.33329,2.33329,2.22926,2.25899,2.088409,510707.0
2014-11-24,2.27385,2.34816,2.27385,2.27385,2.102147,95682.0
2014-11-25,2.27385,2.28871,2.25899,2.25899,2.088409,71459.0
2014-11-26,2.28871,2.28871,2.27385,2.27385,2.102147,29875.0
2014-11-27,2.27385,2.28871,2.25899,2.27385,2.102147,20051.0
2014-11-28,2.28871,2.28871,2.27385,2.27385,2.102147,20321.0
2014-12-01,2.25899,2.28871,2.25899,2.27385,2.102147,108197.0
2014-12-02,2.27385,2.28871,2.25899,2.28871,2.115885,46697.0
2014-12-03,2.25899,2.28871,2.25899,2.28871,2.115885,36200.0
2014-12-04,2.28871,2.30357,2.27385,2.28871,2.115885,31894.0
2014-12-08,2.28871,2.30357,2.28871,2.28871,2.115885,96758.0
2014-12-09,2.28871,2.28871,2.25899,2.27385,2.102147,43602.0
2014-12-11,2.27385,2.27385,2.2144,2.2144,2.047186,540313.0
2014-12-12,2.24412,2.27385,2.2144,2.27385,2.102147,27722.0
2014-12-15,2.25899,2.25899,2.14009,2.16981,2.005964,798291.0
2014-12-16,2.12523,2.19954,2.09551,2.15495,1.992225,266052.0
2014-12-17,2.15495,2.16981,2.15495,2.16981,2.005964,35124.0
2014-12-18,2.16981,2.18468,2.16981,2.16981,2.005964,68633.0
2014-12-19,2.19954,2.19954,2.16981,2.18468,2.019711,12112.0
2014-12-22,2.19954,2.19954,2.14009,2.19954,2.033448,64730.0
2014-12-23,2.19954,2.19954,2.18468,2.18468,2.019711,47505.0
2014-12-24,2.18468,2.18468,2.15495,2.18468,2.019711,167948.0
2014-12-25,2.15495,2.16981,2.14009,2.16981,2.005964,60154.0
2014-12-26,2.14009,2.16981,2.12523,2.16981,2.005964,63519.0
2014-12-29,2.19954,2.19954,2.14009,2.15495,1.992225,18033.0
2014-12-30,2.18468,2.18468,2.15495,2.16981,2.005964,22878.0
2015-01-05,2.16981,2.16981,2.12523,2.12523,1.96475,33240.0
2015-01-06,2.12523,2.12523,2.08064,2.12523,1.96475,123000.0
2015-01-07,2.12523,2.14009,2.11037,2.12523,1.96475,42929.0
2015-01-08,2.14009,2.15495,2.08064,2.14009,1.978488,39699.0
2015-01-09,2.12523,2.14009,2.08064,2.11037,1.951012,119232.0
2015-01-12,2.08064,2.11037,2.08064,2.11037,1.951012,74554.0
2015-01-13,2.09551,2.14009,2.08064,2.08064,1.923527,104025.0
2015-01-14,2.11037,2.16981,2.08064,2.12523,1.96475,178848.0
2015-01-15,2.12523,2.19954,2.08064,2.16981,2.005964,761283.0
2015-01-16,2.16981,2.31843,2.15495,2.24412,2.074662,613925.0
2015-01-19,2.24412,2.24412,2.18468,2.18468,2.019711,108197.0
2015-01-20,2.2144,2.27385,2.15495,2.22926,2.060924,308847.0
2015-01-21,2.24412,2.25899,2.22926,2.22926,2.060924,32298.0
2015-01-22,2.24412,2.24412,2.19954,2.22926,2.060924,91645.0
2015-01-23,2.22926,2.22926,2.18468,2.2144,2.047186,184635.0
2015-01-26,2.24412,2.24412,2.19954,2.24412,2.074662,42929.0
2015-01-27,2.24412,2.25899,2.19954,2.25899,2.088409,35662.0
2015-01-28,2.25899,2.25899,2.19954,2.22926,2.060924,142514.0
2015-01-29,2.2144,2.22926,2.18468,2.19954,2.033448,258381.0
2015-01-30,2.19954,2.2144,2.15495,2.19954,2.033448,314364.0
2015-02-02,2.19954,2.30357,2.18468,2.22926,2.060924,440056.0
2015-02-03,2.31843,2.5265,2.31843,2.37788,2.198322,4926877.0
2015-02-04,2.43733,2.51164,2.34816,2.37788,2.198322,3376723.0
2015-02-05,2.37788,2.39274,2.31843,2.36302,2.184584,333204.0
2015-02-06,2.39274,2.39274,2.36302,2.36302,2.184584,169967.0
2015-02-09,2.39274,2.45219,2.33329,2.33329,2.157099,589836.0
2015-02-10,2.30357,2.33329,2.30357,2.31843,2.143361,153414.0
2015-02-11,2.33329,2.34816,2.33329,2.33329,2.157099,45217.0
2015-02-12,2.34816,2.36302,2.33329,2.36302,2.184584,117887.0
2015-02-13,2.37788,2.46705,2.37788,2.4076,2.225797,804751.0
2015-02-16,2.42246,2.42246,2.37788,2.4076,2.225797,285162.0
2015-02-17,2.39274,2.4076,2.33329,2.33329,2.157099,326207.0
2015-02-18,2.30357,2.51164,2.30357,2.45219,2.26702,1006477.0
2015-02-19,2.48191,3.04666,2.48191,2.7197,2.51433,20011646.0
2015-02-20,2.80887,2.94263,2.67511,2.67511,2.473107,6284726.0
2015-02-23,2.67511,2.82373,2.54136,2.7197,2.51433,2676267.0
2015-02-24,2.67511,2.89804,2.64539,2.80887,2.596767,12308648.0
2015-02-25,2.79401,2.86832,2.70484,2.74942,2.541806,4692450.0
2015-02-26,2.7197,2.76428,2.55622,2.55622,2.363195,1563477.0
2015-02-27,2.54136,2.61567,2.5265,2.54136,2.349457,719700.0
2015-03-02,2.60081,2.60081,2.48191,2.49677,2.308234,591990.0
2015-03-03,2.46705,2.48191,2.39274,2.39274,2.21206,666813.0
2015-03-05,2.39274,2.42246,2.36302,2.39274,2.21206,528875.0
2015-03-06,2.37788,2.48191,2.36302,2.39274,2.21206,932730.0
2015-03-09,2.33329,2.45219,2.30357,2.45219,2.386718,1290562.0
2015-03-10,2.43733,2.45219,2.31843,2.31843,2.25653,737733.0
2015-03-11,2.31843,2.39274,2.30357,2.37788,2.314392,113984.0
2015-03-12,2.37788,2.43733,2.36302,2.36302,2.299929,222047.0
2015-03-13,2.36302,2.45219,2.34816,2.37788,2.314392,80879.0
2015-03-16,2.36302,2.36302,2.22926,2.33329,2.270993,263764.0
2015-03-17,2.24412,2.37788,2.24412,2.33329,2.270993,305079.0
2015-03-18,2.30357,2.45219,2.28871,2.30357,2.242066,1697916.0
2015-03-19,2.31843,2.48191,2.31843,2.34816,2.285466,1319630.0
2015-03-20,2.37788,2.37788,2.28871,2.34816,2.285466,122866.0
2015-03-23,2.34816,2.34816,2.28871,2.28871,2.227603,176964.0
2015-03-24,2.28871,2.28871,2.14009,2.2144,2.155277,592124.0
2015-03-25,2.16981,2.22926,2.16981,2.19954,2.140814,376806.0
2015-03-26,2.16981,2.18468,2.12523,2.12523,2.068488,474507.0
2015-03-27,2.15495,2.15495,2.14009,2.14009,2.082951,80206.0
2015-03-30,2.15495,2.18468,2.15495,2.15495,2.097414,90164.0
2015-03-31,2.18468,2.19954,2.15495,2.16981,2.111878,317728.0
2015-04-01,2.2144,2.43733,2.19954,2.28871,2.227603,2459872.0
2015-04-02,2.34816,2.34816,2.27385,2.28871,2.227603,113446.0
2015-04-03,2.27385,2.28871,2.22926,2.25899,2.198677,153818.0
2015-04-07,2.25899,2.28871,2.24412,2.25899,2.198677,228237.0
2015-04-08,2.25899,2.25899,2.19954,2.19954,2.140814,262419.0
2015-04-09,2.19954,2.28871,2.19954,2.2144,2.155277,136861.0
2015-04-10,2.2144,2.25899,2.19954,2.22926,2.16974,271704.0
2015-04-16,2.22926,2.28871,2.22926,2.25899,2.198677,111965.0
2015-04-17,2.25899,2.4076,2.24412,2.31843,2.25653,951840.0
2015-04-20,2.31843,2.39274,2.31843,2.31843,2.25653,471815.0
2015-04-21,2.31843,2.36302,2.31843,2.33329,2.270993,128922.0
2015-04-22,2.34816,2.34816,2.24412,2.27385,2.21314,327956.0
2015-04-23,2.27385,2.28871,2.27385,2.28871,2.227603,16283.0
2015-04-24,2.28871,2.28871,2.24412,2.28871,2.227603,204148.0
2015-04-27,2.25899,2.27385,2.22926,2.22926,2.16974,213568.0
2015-04-28,2.2144,2.31843,2.19954,2.2144,2.155277,422427.0
2015-04-29,2.2144,2.25899,2.2144,2.2144,2.155277,91241.0
2015-04-30,2.24412,2.25899,2.19954,2.19954,2.140814,268205.0
2015-05-04,2.19954,2.19954,2.19954,2.19954,2.140814,0.0
2015-05-06,2.19954,2.22926,2.16981,2.2144,2.155277,88280.0
2015-05-07,2.2144,2.2144,2.14009,2.14009,2.082951,124750.0
2015-05-08,2.11037,2.14009,2.09551,2.12523,2.068488,318670.0
2015-05-11,2.15495,2.15495,2.12523,2.15495,2.097414,13727.0
2015-05-12,2.15495,2.15495,2.12523,2.14009,2.082951,29472.0
2015-05-13,2.14009,2.16981,2.14009,2.16981,2.111878,96355.0
2015-05-14,2.16981,2.27385,2.12523,2.27385,2.21314,311404.0
2015-05-15,2.24412,2.34816,2.16981,2.34816,2.285466,355813.0
2015-05-18,2.46705,2.89804,2.46705,2.57108,2.502434,14871469.0
2015-05-19,2.57108,2.57108,2.43733,2.46705,2.401182,1756187.0
2015-05-20,2.46705,2.49677,2.4076,2.42246,2.357782,463337.0
2015-05-21,2.36302,2.42246,2.31843,2.33329,2.270993,587549.0
2015-05-22,2.31843,2.34816,2.28871,2.30357,2.242066,722795.0
2015-05-25,2.34816,2.43733,2.31843,2.33329,2.270993,2473330.0
2015-05-26,2.33329,2.33329,2.24412,2.24412,2.184203,494424.0
2015-05-27,2.22926,2.33329,2.22926,2.33329,2.270993,437768.0
2015-05-28,2.36302,2.36302,2.25899,2.27385,2.21314,288661.0
2015-05-29,2.30357,2.30357,2.25899,2.30357,2.242066,134035.0
2015-06-02,2.30357,2.30357,2.19954,2.2144,2.155277,388380.0
2015-06-03,2.18468,2.24412,2.18468,2.24412,2.184203,116137.0
2015-06-04,2.36302,2.36302,2.25899,2.25899,2.198677,105237.0
2015-06-05,2.2144,2.27385,2.2144,2.25899,2.198677,462126.0
2015-06-08,2.25899,2.28871,2.24412,2.25899,2.198677,80206.0
2015-06-09,2.25899,2.25899,2.22926,2.22926,2.16974,349757.0
2015-06-10,2.22926,2.27385,2.22926,2.24412,2.184203,316921.0
2015-06-11,2.24412,2.25899,2.24412,2.24412,2.184203,68229.0
2015-06-12,2.25899,2.28871,2.24412,2.24412,2.184203,242098.0
2015-06-15,2.24412,2.24412,2.2144,2.22926,2.16974,336030.0
2015-06-16,2.24412,2.24412,2.22926,2.22926,2.16974,221508.0
2015-06-17,2.25899,2.25899,2.22926,2.25899,2.198677,85589.0
2015-06-18,2.25899,2.25899,2.22926,2.22926,2.16974,180329.0
2015-06-19,2.22926,2.22926,2.22926,2.22926,2.16974,104025.0
2015-06-22,2.22926,2.22926,2.2144,2.2144,2.155277,121924.0
2015-06-23,2.2144,2.27385,2.2144,2.22926,2.16974,268475.0
2015-06-24,2.22926,2.22926,2.2144,2.2144,2.155277,129325.0
2015-06-25,2.2144,2.22926,2.2144,2.22926,2.16974,180732.0
2015-06-26,2.22926,2.24412,2.22926,2.22926,2.16974,184635.0
2015-06-29,2.19954,2.24412,2.18468,2.2144,2.155277,210339.0
2015-06-30,2.22926,2.22926,2.2144,2.2144,2.155277,81417.0
2015-07-02,2.2144,2.22926,2.19954,2.19954,2.140814,186385.0
2015-07-03,2.2144,2.34816,2.2144,2.27385,2.21314,1107945.0
2015-07-06,2.27385,2.48191,2.24412,2.27385,2.21314,5936314.0
2015-07-07,2.30357,2.34816,2.25899,2.25899,2.198677,900971.0
2015-07-08,2.25899,2.30357,2.25899,2.25899,2.198677,370078.0
2015-07-09,2.25899,2.25899,2.24412,2.25899,2.198677,58674.0
2015-07-10,2.25899,2.27385,2.25899,2.25899,2.198677,53426.0
2015-07-13,2.22926,2.28871,2.22926,2.25899,2.198677,93798.0
2015-07-14,2.30357,2.30357,2.25899,2.25899,2.198677,149108.0
2015-07-15,2.27385,2.27385,2.24412,2.24412,2.184203,175888.0
2015-07-16,2.25899,2.25899,2.22926,2.22926,2.16974,128652.0
2015-07-17,2.19954,2.30357,2.19954,2.27385,2.21314,543543.0
2015-07-20,2.31843,2.31843,2.25899,2.25899,2.198677,184904.0
2015-07-21,2.27385,2.27385,2.19954,2.19954,2.140814,327014.0
2015-07-22,2.15495,2.30357,2.14009,2.2144,2.155277,834761.0
2015-07-23,2.22926,2.24412,2.2144,2.24412,2.184203,67018.0
2015-07-24,2.25899,2.33329,2.19954,2.28871,2.227603,1307383.0
2015-07-27,2.28871,2.46705,2.25899,2.25899,2.198677,3633220.0
2015-07-28,2.22926,2.25899,2.18468,2.18468,2.126351,491732.0
2015-07-29,2.18468,2.19954,2.12523,2.18468,2.126351,1138897.0
2015-07-31,2.18468,2.19954,2.15495,2.16981,2.111878,487157.0
2015-08-03,2.19954,2.19954,2.16981,2.19954,2.140814,153549.0
2015-08-04,2.2144,2.2144,2.16981,2.16981,2.111878,120713.0
2015-08-05,2.18468,2.18468,2.15495,2.18468,2.126351,347604.0
2015-08-06,2.19954,2.19954,2.14009,2.16981,2.111878,408835.0
2015-08-07,2.15495,2.16981,2.14009,2.16981,2.111878,299965.0
2015-08-10,2.15495,2.16981,2.14009,2.15495,2.097414,283950.0
2015-08-11,2.15495,2.15495,2.12523,2.14009,2.082951,98912.0
2015-08-13,2.14009,2.14009,2.03606,2.06578,2.010625,484331.0
2015-08-14,2.09551,2.11037,2.08064,2.09551,2.039562,188807.0
2015-08-17,2.14009,2.14009,2.06578,2.11037,2.054025,205898.0
2015-08-18,2.05092,2.09551,2.0212,2.05092,1.996162,493616.0
2015-08-19,2.03606,2.06578,2.03606,2.06578,2.010625,45082.0
2015-08-20,2.08064,2.09551,2.05092,2.06578,2.010625,18975.0
2015-08-21,2.09551,2.09551,2.05092,2.05092,1.996162,148166.0
2015-08-24,2.0212,2.0212,1.96175,1.96175,1.909373,260535.0
2015-08-25,1.96175,1.97661,1.93203,1.96175,1.909373,121655.0
2015-08-26,1.96175,2.03606,1.96175,2.0212,1.967235,22878.0
2015-08-27,2.05092,2.08064,2.03606,2.08064,2.025089,36335.0
2015-08-28,2.08064,2.16981,2.06578,2.11037,2.054025,89626.0
2015-08-31,2.14009,2.14009,2.12523,2.12523,2.068488,1749.0
2015-09-01,2.12523,2.15495,2.08064,2.09551,2.039562,129594.0
2015-09-02,2.05092,2.09551,2.05092,2.09551,2.039562,99315.0
2015-09-03,2.11037,2.12523,2.11037,2.12523,2.068488,73746.0
2015-09-04,2.12523,2.12523,2.11037,2.12523,2.068488,48850.0
2015-09-07,2.12523,2.12523,2.08064,2.11037,2.054025,178714.0
2015-09-08,2.11037,2.15495,2.11037,2.15495,2.097414,32029.0
2015-09-09,2.15495,2.19954,2.14009,2.18468,2.126351,196074.0
2015-09-10,2.18468,2.25899,2.18468,2.24412,2.184203,498999.0
2015-09-11,2.36302,2.43733,2.22926,2.22926,2.16974,6711459.0
2015-09-14,2.30357,2.33329,2.25899,2.28871,2.227603,1066496.0
2015-09-15,2.31843,2.31843,2.22926,2.24412,2.184203,478140.0
2015-09-16,2.24412,2.25899,2.22926,2.25899,2.198677,432789.0
2015-09-17,2.27385,2.30357,2.25899,2.25899,2.198677,287988.0
2015-09-18,2.27385,2.27385,2.2144,2.22926,2.16974,324995.0
2015-09-21,2.24412,2.25899,2.22926,2.25899,2.198677,82359.0
2015-09-22,2.27385,2.27385,2.22926,2.24412,2.184203,159201.0
2015-09-23,2.22926,2.22926,2.18468,2.2144,2.155277,261880.0
2015-09-24,2.18468,2.19954,2.16981,2.18468,2.126351,203072.0
2015-09-25,2.18468,2.18468,2.16981,2.16981,2.111878,56656.0
2015-09-28,2.16981,2.16981,2.03606,2.03606,1.981699,403183.0
2015-09-29,2.06578,2.08064,2.06578,2.06578,2.010625,138207.0
2015-09-30,2.08064,2.12523,2.08064,2.12523,2.068488,95816.0
2015-10-01,2.12523,2.12523,2.08064,2.08064,2.025089,65941.0
2015-10-02,2.09551,2.09551,2.08064,2.09551,2.039562,49523.0
2015-10-05,2.09551,2.09551,2.08064,2.09551,2.039562,113849.0
2015-10-06,2.11037,2.11037,2.09551,2.09551,2.039562,24223.0
2015-10-07,2.11037,2.11037,2.00634,2.09551,2.039562,206974.0
2015-10-08,2.11037,2.11037,2.08064,2.08064,2.025089,16418.0
2015-10-09,2.11037,2.14009,2.09551,2.12523,2.068488,197420.0
2015-10-12,2.14009,2.16981,2.14009,2.15495,2.097414,256228.0
2015-10-13,2.16981,2.18468,2.15495,2.18468,2.126351,247077.0
2015-10-14,2.18468,2.28871,2.16981,2.22926,2.16974,561711.0
2015-10-15,2.24412,2.28871,2.22926,2.27385,2.21314,414218.0
2015-10-16,2.28871,2.30357,2.24412,2.28871,2.227603,494962.0
2015-10-19,2.30357,2.4076,2.28871,2.30357,2.242066,868269.0
2015-10-20,2.34816,2.39274,2.34816,2.36302,2.299929,577725.0
2015-10-21,2.34816,2.46705,2.33329,2.42246,2.357782,1854560.0
2015-10-22,2.42246,2.45219,2.42246,2.45219,2.386718,220432.0
2015-10-26,2.45219,2.46705,2.43733,2.43733,2.372255,487291.0
2015-10-27,2.42246,2.43733,2.4076,2.43733,2.372255,273319.0
2015-10-28,2.42246,2.42246,2.37788,2.37788,2.314392,85051.0
2015-10-29,2.39274,2.4076,2.34816,2.37788,2.314392,197285.0
2015-10-30,2.36302,2.36302,2.27385,2.34816,2.285466,183424.0
2015-11-02,2.33329,2.34816,2.33329,2.34816,2.285466,36604.0
2015-11-03,2.36302,2.36302,2.36302,2.36302,2.299929,38354.0
2015-11-04,2.36302,2.37788,2.34816,2.36302,2.299929,119098.0
2015-11-05,2.37788,2.4076,2.36302,2.39274,2.328856,668428.0
2015-11-06,2.39274,2.4076,2.36302,2.36302,2.299929,317594.0
2015-11-09,2.4076,2.42246,2.37788,2.4076,2.343319,335088.0
2015-11-10,2.4076,2.42246,2.36302,2.42246,2.357782,384477.0
2015-11-11,2.4076,2.4076,2.39274,2.4076,2.343319,120174.0
2015-11-12,2.39274,2.42246,2.36302,2.42246,2.357782,508689.0
2015-11-13,2.42246,2.43733,2.37788,2.37788,2.314392,324188.0
2015-11-16,2.39274,2.39274,2.36302,2.39274,2.328856,350026.0
2015-11-17,2.39274,2.39274,2.37788,2.39274,2.328856,168890.0
2015-11-18,2.39274,2.45219,2.37788,2.37788,2.314392,783219.0
2015-11-19,2.39274,2.4076,2.39274,2.39274,2.328856,153145.0
2015-11-20,2.39274,2.4076,2.39274,2.4076,2.343319,109274.0
2015-11-23,2.4076,2.4076,2.39274,2.39274,2.328856,171312.0
2015-11-24,2.39274,2.4076,2.37788,2.4076,2.343319,129460.0
2015-11-25,2.37788,2.39274,2.37788,2.39274,2.328856,134977.0
2015-11-26,2.37788,2.37788,2.31843,2.34816,2.285466,332532.0
2015-11-27,2.34816,2.36302,2.34816,2.36302,2.299929,107794.0
2015-11-30,2.37788,2.37788,2.37788,2.37788,2.314392,66210.0
2015-12-01,2.39274,2.4076,2.36302,2.39274,2.328856,261073.0
2015-12-02,2.4076,2.4076,2.34816,2.36302,2.299929,392148.0
2015-12-03,2.36302,2.36302,2.33329,2.36302,2.299929,237926.0
2015-12-04,2.36302,2.36302,2.33329,2.36302,2.299929,203206.0
2015-12-08,2.33329,2.36302,2.31843,2.34816,2.285466,326072.0
2015-12-09,2.34816,2.34816,2.31843,2.31843,2.25653,140360.0
2015-12-11,2.31843,2.34816,2.30357,2.31843,2.25653,181271.0
2015-12-14,2.30357,2.30357,2.28871,2.30357,2.242066,167813.0
2015-12-15,2.30357,2.36302,2.30357,2.36302,2.299929,147089.0
2015-12-16,2.33329,2.34816,2.33329,2.34816,2.285466,47908.0
2015-12-17,2.33329,2.33329,2.31843,2.31843,2.25653,180329.0
2015-12-18,2.34816,2.34816,2.30357,2.33329,2.270993,122731.0
2015-12-21,2.34816,2.34816,2.30357,2.30357,2.242066,193248.0
2015-12-22,2.33329,2.34816,2.31843,2.33329,2.270993,218009.0
2015-12-23,2.33329,2.34816,2.33329,2.34816,2.285466,30414.0
2015-12-24,2.34816,2.34816,2.34816,2.34816,2.285466,0.0
2015-12-25,2.34816,2.34816,2.34816,2.34816,2.285466,0.0
2015-12-28,2.34816,2.34816,2.22926,2.22926,2.16974,27722.0
2015-12-29,2.25899,2.30357,2.25899,2.28871,2.227603,63923.0
2015-12-30,2.28871,2.28871,2.16981,2.25899,2.198677,696957.0
2016-01-04,2.25899,2.25899,2.18468,2.18468,2.126351,176964.0
2016-01-05,2.22926,2.22926,2.19954,2.19954,2.140814,29337.0
2016-01-06,2.22926,2.22926,2.2144,2.2144,2.155277,5518.0
2016-01-07,2.2144,2.22926,2.18468,2.2144,2.155277,48581.0
2016-01-08,2.22926,2.25899,2.22926,2.25899,2.198677,171985.0
2016-01-11,2.25899,2.25899,2.25899,2.25899,2.198677,1480.0
2016-01-12,2.22926,2.24412,2.22926,2.24412,2.184203,25434.0
2016-01-13,2.27385,2.30357,2.27385,2.28871,2.227603,52349.0
2016-01-14,2.25899,2.28871,2.25899,2.28871,2.227603,46428.0
2016-01-15,2.28871,2.30357,2.24412,2.28871,2.227603,78995.0
2016-01-18,2.28871,2.28871,2.28871,2.28871,2.227603,0.0
2016-01-19,2.25899,2.31843,2.25899,2.30357,2.242066,76034.0
2016-01-20,2.24412,2.30357,2.24412,2.30357,2.242066,24223.0
2016-01-21,2.24412,2.28871,2.24412,2.28871,2.227603,6729.0
2016-01-22,2.28871,2.28871,2.28871,2.28871,2.227603,11439.0
2016-01-25,2.30357,2.31843,2.30357,2.30357,2.242066,48447.0
2016-01-26,2.30357,2.30357,2.30357,2.30357,2.242066,16149.0
2016-01-27,2.30357,2.30357,2.30357,2.30357,2.242066,67287.0
2016-01-28,2.30357,2.30357,2.30357,2.30357,2.242066,6729.0
2016-01-29,2.30357,2.30357,2.24412,2.28871,2.227603,74688.0
2016-02-01,2.30357,2.30357,2.24412,2.28871,2.227603,57059.0
2016-02-02,2.28871,2.28871,2.28871,2.28871,2.227603,0.0
2016-02-03,2.25899,2.30357,2.24412,2.30357,2.242066,13054.0
2016-02-04,2.27385,2.30357,2.27385,2.30357,2.242066,807.0
2016-02-05,2.31843,2.31843,2.30357,2.30357,2.242066,12112.0
2016-02-08,2.30357,2.30357,2.30357,2.30357,2.242066,0.0
2016-02-09,2.30357,2.30357,2.30357,2.30357,2.242066,9420.0
2016-02-10,2.30357,2.45219,2.30357,2.4076,2.343319,994500.0
2016-02-11,2.39274,2.39274,2.25899,2.30357,2.242066,63384.0
2016-02-12,2.27385,2.33329,2.27385,2.33329,2.270993,77784.0
2016-02-15,2.33329,2.33329,2.33329,2.33329,2.270993,13188.0
2016-02-16,2.34816,2.34816,2.30357,2.31843,2.25653,106986.0
2016-02-17,2.27385,2.30357,2.25899,2.30357,2.242066,55175.0
2016-02-18,2.30357,2.30357,2.27385,2.28871,2.227603,38488.0
2016-02-19,2.30357,2.34816,2.30357,2.33329,2.270993,185712.0
2016-02-23,2.33329,2.34816,2.31843,2.33329,2.270993,194594.0
2016-02-24,2.34816,2.34816,2.33329,2.33329,2.270993,40507.0
2016-02-25,2.33329,2.33329,2.30357,2.33329,2.270993,207243.0
2016-02-26,2.31843,2.33329,2.31843,2.33329,2.270993,23954.0
2016-02-29,2.36302,2.37788,2.31843,2.34816,2.285466,473699.0
2016-03-01,2.36302,2.45219,2.34816,2.4076,2.343319,813498.0
2016-03-02,2.42246,2.48191,2.42246,2.42246,2.357782,814978.0
2016-03-03,2.42246,2.43733,2.39274,2.42246,2.357782,264841.0
2016-03-04,2.43733,2.45219,2.39274,2.39274,2.328856,278433.0
2016-03-07,2.42246,2.42246,2.37788,2.4076,2.343319,95278.0
2016-03-08,2.4076,2.4076,2.37788,2.39274,2.328856,57463.0
2016-03-09,2.34816,2.4076,2.34816,2.4076,2.343319,344239.0
2016-03-10,2.4076,2.4076,2.34816,2.39274,2.328856,478544.0
2016-03-11,2.39274,2.39274,2.34816,2.37788,2.314392,198496.0
2016-03-14,2.36302,2.39274,2.36302,2.37788,2.314392,50600.0
2016-03-15,2.37788,2.37788,2.34816,2.36302,2.299929,178983.0
2016-03-16,2.36302,2.36302,2.36302,2.36302,2.299929,42794.0
2016-03-17,2.34816,2.37788,2.34816,2.37788,2.314392,120174.0
2016-03-18,2.36302,2.37788,2.34816,2.37788,2.314392,177099.0
2016-03-21,2.37788,2.37788,2.36302,2.36302,2.299929,60020.0
2016-03-22,2.36302,2.36302,2.34816,2.36302,2.299929,85320.0
2016-03-23,2.34816,2.36302,2.34816,2.36302,2.299929,134439.0
2016-03-24,2.36302,2.36302,2.34816,2.34816,2.285466,62173.0
2016-03-25,2.34816,2.34816,2.30357,2.33329,2.270993,214914.0
2016-03-28,2.33329,2.33329,2.31843,2.33329,2.270993,187327.0
2016-03-29,2.33329,2.34816,2.31843,2.34816,2.285466,137803.0
2016-03-30,2.34816,2.36302,2.34816,2.36302,2.299929,259593.0
2016-03-31,2.36302,2.36302,2.36302,2.36302,2.299929,153414.0
2016-04-01,2.37788,2.51164,2.37788,2.46705,2.401182,1164735.0
2016-04-04,2.46705,2.55622,2.46705,2.51164,2.444581,1702895.0
2016-04-05,2.5265,2.58594,2.5265,2.55622,2.487971,1350985.0
2016-04-07,2.55622,2.58594,2.51164,2.54136,2.473507,1234579.0
2016-04-08,1.87258,2.5265,1.87258,2.45219,2.386718,1157065.0
2016-04-11,2.45219,2.54136,2.45219,2.5265,2.459044,908911.0
2016-04-12,2.5265,2.67511,2.51164,2.60081,2.53137,2926439.0
2016-04-18,2.60081,2.67511,2.60081,2.67511,2.603687,1836662.0
2016-04-19,2.70484,2.85346,2.67511,2.82373,2.748338,4417920.0
2016-04-20,2.85346,2.88318,2.79401,2.86832,2.791738,1725504.0
2016-04-21,2.88318,2.88318,2.82373,2.85346,2.777275,1530776.0
2016-04-22,2.86832,2.86832,2.79401,2.82373,2.748338,1299444.0
2016-04-25,2.82373,2.88318,2.80887,2.85346,2.777275,1204973.0
2016-04-26,2.85346,2.85346,2.77915,2.77915,2.704949,1553653.0
2016-04-27,2.82373,2.82373,2.76428,2.79401,2.719412,1850926.0
2016-04-28,2.34964,2.4725,2.33428,2.44178,2.411104,5433174.0
2016-04-29,2.41107,2.45714,2.39571,2.44178,2.411104,864224.0
2016-05-03,2.44178,2.44178,2.39571,2.42643,2.395947,1160633.0
2016-05-04,2.39571,2.45714,2.39571,2.45714,2.426271,389005.0
2016-05-09,2.45714,2.73357,2.45714,2.70286,2.668905,4464504.0
2016-05-10,2.71821,2.74893,2.61071,2.64143,2.608246,2565322.0
2016-05-11,2.62607,2.71821,2.62607,2.71821,2.684062,673433.0
2016-05-12,2.74893,2.82571,2.73357,2.82571,2.790211,1969768.0
2016-05-13,2.84107,2.84107,2.71821,2.76428,2.729553,2572224.0
2016-05-16,2.84107,2.9025,2.795,2.87178,2.835702,1747201.0
2016-05-17,2.9025,2.96393,2.84107,2.85643,2.820545,2620150.0
2016-05-18,2.82571,2.88714,2.82571,2.87178,2.835702,5412597.0
2016-05-19,2.88714,3.10214,2.88714,3.07143,3.032844,13165734.0
2016-05-23,3.07143,3.48607,3.07143,3.42464,3.381617,32851825.0
2016-05-24,3.45536,3.99286,3.39393,3.79321,3.745557,39957185.0
2016-05-25,3.68571,3.74714,3.57821,3.62428,3.578749,14819037.0
2016-05-26,3.63964,3.87768,3.60893,3.655,3.609083,21574072.0
2016-05-27,3.63964,3.82393,3.63964,3.74714,3.700065,7511816.0
2016-05-30,3.7625,4.14643,3.7625,3.95446,3.904781,20543021.0
2016-05-31,3.99286,4.03125,3.82393,3.83928,3.791048,6570495.0
2016-06-01,3.83928,3.91607,3.60893,3.60893,3.563592,7185584.0
2016-06-02,3.57821,3.74714,3.57821,3.73178,3.684898,5128950.0
2016-06-03,3.74714,3.79321,3.74714,3.77786,3.730399,1738215.0
2016-06-06,3.79321,3.82393,3.73178,3.7625,3.715232,884670.0
2016-06-07,3.80857,3.91607,3.79321,3.80857,3.760724,5411555.0
2016-06-08,3.80857,3.82393,3.71643,3.71643,3.669741,1895796.0
2016-06-09,3.70107,3.71643,3.62428,3.67036,3.62425,1722456.0
2016-06-10,3.62428,3.67036,3.59357,3.59357,3.548425,1888242.0
2016-06-13,3.57821,3.59357,3.53214,3.53214,3.487767,3135741.0
2016-06-14,3.45536,3.48607,3.40928,3.40928,3.36645,5166327.0
2016-06-15,3.40928,3.655,3.40928,3.45536,3.411951,18093215.0
2016-06-16,3.47071,3.56286,3.47071,3.56286,3.518101,5506495.0
2016-06-17,3.59357,3.71643,3.56286,3.56286,3.518101,7747016.0
2016-06-20,3.62428,3.655,3.56286,3.60893,3.563592,4189583.0
2016-06-21,3.63964,3.67036,3.57821,3.57821,3.533258,5960095.0
2016-06-22,3.5475,3.63964,3.53214,3.59357,3.548425,10866869.0
2016-06-23,3.60893,3.62428,3.57821,3.59357,3.548425,4886457.0
2016-06-24,3.53214,3.57821,3.47071,3.53214,3.487767,3953601.0
2016-06-27,3.53214,3.57821,3.53214,3.56286,3.518101,413358.0
2016-06-28,3.57821,3.57821,3.53214,3.57821,3.533258,683200.0
2016-06-29,3.59357,3.59357,3.48607,3.48607,3.442275,1765303.0
2016-06-30,3.45536,3.51678,3.40928,3.40928,3.36645,950828.0
2016-07-04,3.40928,3.44,3.36321,3.36321,3.320959,954084.0
2016-07-05,3.34786,3.36321,3.24036,3.28643,3.245143,710289.0
2016-07-06,3.19428,3.31714,3.19428,3.30178,3.2603,385879.0
2016-07-07,3.25571,3.47071,3.25571,3.44,3.396784,1125731.0
2016-07-08,3.37857,3.45536,3.37857,3.40928,3.36645,191442.0
2016-07-11,3.42464,3.57821,3.42464,3.48607,3.442275,2174233.0
2016-07-12,3.50143,3.5475,3.50143,3.51678,3.472599,628112.0
2016-07-13,3.53214,3.53214,3.44,3.47071,3.427108,707814.0
2016-07-14,3.47071,3.56286,3.45536,3.47071,3.427108,682158.0
2016-07-15,3.47071,3.56286,3.45536,3.50143,3.457442,603107.0
2016-07-20,3.50143,3.56286,3.50143,3.56286,3.518101,359833.0
2016-07-21,3.57821,3.60893,3.56286,3.60893,3.563592,715758.0
2016-07-22,3.60893,3.60893,3.5475,3.5475,3.502933,867610.0
2016-07-25,3.59357,3.71643,3.57821,3.62428,3.578749,6674681.0
2016-07-26,3.62428,3.67036,3.59357,3.67036,3.62425,6466830.0
2016-07-27,3.71643,3.91607,3.68571,3.77786,3.730399,27018576.0
2016-07-28,3.82393,3.95446,3.79321,3.83928,3.791048,10382794.0
2016-07-29,3.87768,4.45357,3.87768,4.3,4.24598,30051042.0
2016-08-01,4.33839,4.72232,4.3,4.41518,4.359713,34566076.0
2016-08-02,4.26161,4.79911,4.26161,4.68393,4.625087,21278965.0
2016-08-03,4.64553,4.72232,4.45357,4.60714,4.549262,10541027.0
2016-08-04,4.68393,4.68393,4.45357,4.45357,4.397621,3815685.0
2016-08-05,4.49196,4.60714,4.37678,4.37678,4.321795,3385657.0
2016-08-08,4.56875,4.68393,4.33839,4.60714,4.549262,10782478.0
2016-08-09,4.53036,4.72232,4.45357,4.49196,4.435528,9540189.0
2016-08-10,4.49196,4.79911,4.49196,4.79911,4.73882,12805120.0
2016-08-11,4.87589,5.02946,4.60714,4.64553,4.587169,24572678.0
2016-08-15,4.64553,4.8375,4.64553,4.64553,4.587169,6674291.0
2016-08-16,4.64553,5.14464,4.64553,5.06786,5.004194,23548528.0
2016-08-17,4.95268,5.02946,4.79911,4.8375,4.776728,8460691.0
2016-08-18,4.8375,5.02946,4.79911,4.79911,4.73882,5734662.0
2016-08-19,4.87589,4.87589,4.68393,4.76071,4.700902,3951518.0
2016-08-22,4.72232,4.76071,4.64553,4.64553,4.587169,2639033.0
2016-08-23,4.68393,4.95268,4.64553,4.87589,4.814635,10616822.0
2016-08-24,4.8375,4.8375,4.79911,4.79911,4.73882,2391591.0
2016-08-25,4.79911,4.87589,4.72232,4.72232,4.662994,2574047.0
2016-08-26,4.68393,4.76071,4.68393,4.68393,4.625087,882977.0
2016-08-29,4.68393,4.68393,4.37678,4.60714,4.549262,7389658.0
2016-08-30,4.56875,4.8375,4.45357,4.60714,4.549262,6234365.0
2016-08-31,4.64553,4.79911,4.56875,4.79911,4.73882,6783816.0
2016-09-01,4.87589,4.99107,4.76071,4.76071,4.700902,19345792.0
2016-09-02,4.79911,4.79911,4.53036,4.53036,4.473446,7231816.0
2016-09-05,4.49196,4.53036,4.14643,4.22321,4.170155,8358459.0
2016-09-06,4.14643,4.22321,4.10803,4.14643,4.094339,4977881.0
2016-09-07,4.10803,4.41518,4.10803,4.10803,4.056421,11881120.0
2016-09-08,4.4,4.6,4.3,4.6,4.542211,10468400.0
2016-09-09,4.58,4.6,4.48,4.48,4.423718,2945200.0
2016-09-12,4.44,4.6,4.4,4.58,4.522462,2117300.0
2016-09-13,4.6,5.05,4.58,5.05,4.986558,5895800.0
2016-09-14,5.0,5.05,4.94,4.94,4.87794,2342600.0
2016-09-15,5.0,5.15,4.96,4.96,4.897688,2077500.0
2016-09-16,4.98,5.0,4.94,4.98,4.917437,1087500.0
2016-09-19,4.98,5.0,4.94,4.96,4.897688,729400.0
2016-09-20,5.0,5.1,4.98,5.0,4.937186,3565600.0
2016-09-21,5.05,5.2,4.98,5.05,4.986558,3684600.0
2016-09-22,5.1,5.3,5.0,5.25,5.184045,4328800.0
2016-09-23,5.25,5.25,5.05,5.1,5.03593,2892200.0
2016-09-26,5.15,5.15,5.0,5.05,4.986558,1742900.0
2016-09-27,5.1,5.3,5.0,5.25,5.184045,6467500.0
2016-09-28,5.3,5.35,5.05,5.05,4.986558,3351100.0
2016-09-29,5.1,5.4,5.1,5.15,5.085301,9522900.0
2016-09-30,5.15,5.25,5.05,5.25,5.184045,6034000.0
2016-10-03,5.15,5.3,4.46,4.5,4.443467,14582400.0
2016-10-04,4.5,4.56,4.0,4.16,4.107738,8254600.0
2016-10-05,4.24,4.42,4.2,4.22,4.166985,8085000.0
2016-10-06,4.22,4.24,4.08,4.08,4.028744,3274200.0
2016-10-07,4.04,4.14,4.02,4.02,3.969497,4570900.0
2016-10-10,3.78,3.96,3.42,3.48,3.436281,9120100.0
2016-10-11,3.6,3.6,3.32,3.32,3.278291,2895800.0
2016-10-12,3.28,3.48,2.8,3.0,2.962312,9359100.0
2016-10-13,2.9,3.08,2.64,2.84,2.804322,7813800.0
2016-10-14,3.0,3.38,2.94,3.32,3.278291,6118700.0
2016-10-17,3.4,3.72,3.34,3.66,3.61402,6917600.0
2016-10-18,3.74,3.8,3.68,3.74,3.693015,4103300.0
2016-10-19,3.7,3.78,3.7,3.7,3.653518,4642400.0
2016-10-20,3.76,3.76,3.66,3.66,3.61402,1949000.0
2016-10-21,3.68,3.68,3.6,3.6,3.554774,1267800.0
2016-10-25,3.6,3.66,3.56,3.56,3.515276,742500.0
2016-10-26,3.52,3.6,3.4,3.4,3.357286,2070600.0
2016-10-27,3.44,3.54,3.44,3.48,3.436281,916000.0
2016-10-28,3.5,3.5,3.4,3.46,3.416533,554000.0
2016-10-31,3.46,3.54,3.42,3.48,3.436281,1167500.0
2016-11-01,3.48,3.58,3.46,3.48,3.436281,1908200.0
2016-11-02,3.48,3.52,3.44,3.5,3.45603,2435400.0
2016-11-03,3.52,3.54,3.46,3.48,3.436281,857900.0
2016-11-04,3.48,3.52,3.4,3.5,3.45603,855100.0
2016-11-07,3.54,3.54,3.48,3.48,3.436281,603400.0
2016-11-08,3.48,3.54,3.48,3.54,3.495528,1199500.0
2016-11-09,3.52,3.52,3.44,3.48,3.436281,380800.0
2016-11-10,3.48,3.48,3.42,3.42,3.377035,415500.0
2016-11-11,3.42,3.46,3.4,3.44,3.396784,5684400.0
2016-11-14,3.44,3.44,3.34,3.34,3.29804,1544900.0
2016-11-15,3.34,3.4,3.3,3.3,3.258543,334900.0
2016-11-16,3.38,3.5,3.32,3.4,3.357286,5538800.0
2016-11-17,3.36,3.4,3.34,3.34,3.29804,1339700.0
2016-11-18,3.34,3.42,3.34,3.34,3.29804,348300.0
2016-11-21,3.36,3.38,3.34,3.36,3.317789,1183700.0
2016-11-22,3.34,3.44,3.34,3.34,3.29804,2209900.0
2016-11-23,3.4,3.4,3.34,3.34,3.29804,511600.0
2016-11-24,3.34,3.4,3.34,3.34,3.29804,701400.0
2016-11-25,3.36,3.4,3.34,3.34,3.29804,1037600.0
2016-11-28,3.36,3.4,3.34,3.38,3.337538,1896200.0
2016-11-29,3.36,3.4,3.28,3.28,3.238794,1667300.0
2016-11-30,3.2,3.44,3.12,3.34,3.29804,5573500.0
2016-12-01,3.34,3.38,3.22,3.22,3.179548,1083700.0
2016-12-02,3.28,3.32,3.2,3.2,3.159799,1304900.0
2016-12-06,3.2,3.24,3.14,3.14,3.100553,576900.0
2016-12-07,3.16,3.2,3.16,3.18,3.14005,816400.0
2016-12-08,3.22,3.22,3.18,3.22,3.179548,323000.0
2016-12-09,3.22,3.22,3.18,3.2,3.159799,925300.0
2016-12-13,3.2,3.22,3.2,3.2,3.159799,692700.0
2016-12-14,3.18,3.24,3.18,3.2,3.159799,656900.0
2016-12-15,3.2,3.34,3.2,3.3,3.258543,6867000.0
2016-12-16,3.34,3.44,3.34,3.36,3.317789,2997100.0
2016-12-19,3.38,3.44,3.36,3.36,3.317789,2170800.0
2016-12-20,3.4,3.5,3.32,3.48,3.436281,8426600.0
2016-12-21,3.54,3.9,3.54,3.7,3.653518,56972300.0
2016-12-22,3.68,3.86,3.6,3.8,3.752261,27186500.0
2016-12-23,3.84,3.98,3.62,3.62,3.574522,28985600.0
2016-12-26,3.6,3.78,3.58,3.64,3.594271,6957900.0
2016-12-27,3.66,3.94,3.64,3.86,3.811507,19994300.0
2016-12-28,3.94,4.12,3.88,3.9,3.851005,50124000.0
2016-12-29,3.9,4.02,3.88,3.98,3.93,8501700.0
2016-12-30,4.14,4.22,4.04,4.14,4.08799,26283000.0
2017-01-04,4.14,4.26,4.12,4.14,4.08799,13198400.0
2017-01-05,4.14,4.28,4.1,4.16,4.107738,14851300.0
2017-01-06,4.14,4.2,4.06,4.08,4.028744,7159900.0
2017-01-09,4.08,4.1,3.92,3.92,3.870754,9686300.0
2017-01-10,3.92,3.96,3.84,3.92,3.870754,4838400.0
2017-01-11,3.96,4.04,3.94,3.96,3.910251,5230300.0
2017-01-12,3.96,4.0,3.92,3.94,3.890503,1375000.0
2017-01-16,3.94,4.16,3.88,4.14,4.08799,14140300.0
2017-01-17,4.2,4.64,4.18,4.42,4.364472,92076000.0
2017-01-18,4.38,4.46,4.26,4.3,4.24598,17169300.0
2017-01-19,4.32,4.46,4.26,4.44,4.384221,17960100.0
2017-01-20,4.52,4.7,4.46,4.48,4.423718,38512900.0
2017-01-23,4.5,4.54,4.48,4.48,4.423718,5620600.0
2017-01-24,4.5,4.6,4.42,4.46,4.40397,10962700.0
2017-01-25,4.48,4.64,4.38,4.64,4.581708,22813100.0
2017-01-26,4.72,4.78,4.52,4.52,4.463216,22778500.0
2017-01-27,4.52,4.58,4.5,4.54,4.482965,4788900.0
2017-01-30,4.54,4.62,4.52,4.58,4.522462,5718600.0
2017-01-31,4.62,4.72,4.6,4.7,4.640954,17787800.0
2017-02-01,4.72,4.8,4.6,4.6,4.542211,13737700.0
2017-02-02,4.62,4.64,4.54,4.56,4.502714,6176200.0
2017-02-03,4.54,4.62,4.54,4.6,4.542211,4858500.0
2017-02-06,4.62,4.62,4.52,4.52,4.463216,4384500.0
2017-02-07,4.5,4.5,4.14,4.18,4.127487,18241200.0
2017-02-08,4.14,4.28,4.14,4.18,4.127487,5581000.0
2017-02-09,4.18,4.2,4.04,4.04,3.989246,4908700.0
2017-02-10,4.08,4.18,4.08,4.18,4.127487,2261800.0
2017-02-13,4.18,4.18,4.18,4.18,4.127487,0.0
2017-02-14,4.22,4.22,4.12,4.12,4.068241,1125400.0
2017-02-15,4.12,4.14,4.1,4.1,4.048492,955700.0
2017-02-16,4.08,4.2,4.08,4.18,4.127487,617800.0
2017-02-17,4.18,4.26,4.16,4.18,4.127487,2710200.0
2017-02-20,4.2,4.4,4.16,4.4,4.344724,14634000.0
2017-02-21,4.46,4.46,4.26,4.26,4.206483,10513600.0
2017-02-22,4.26,4.36,4.26,4.32,4.265729,2125300.0
2017-02-23,4.34,4.4,4.3,4.36,4.305226,3105400.0
2017-02-24,4.38,4.44,4.38,4.4,4.344724,2614100.0
2017-02-27,4.42,4.42,4.32,4.32,4.265729,2454500.0
2017-02-28,4.34,4.38,4.24,4.24,4.186733,2196300.0
2017-03-01,4.2,4.22,4.1,4.14,4.08799,3576000.0
2017-03-02,4.14,4.26,4.14,4.26,4.206483,991700.0
2017-03-03,4.24,4.34,4.22,4.3,4.24598,3523100.0
2017-03-06,4.3,4.3,4.16,4.18,4.127487,1485300.0
2017-03-07,4.18,4.28,4.14,4.14,4.08799,1759600.0
2017-03-08,4.12,4.16,3.9,3.98,3.93,4312300.0
2017-03-09,3.92,4.04,3.92,4.04,3.989246,890300.0
2017-03-10,4.12,4.12,3.98,4.02,3.969497,1251100.0
2017-03-13,4.02,4.04,3.98,4.0,3.949749,495500.0
2017-03-14,3.98,4.04,3.98,4.04,3.989246,481600.0
2017-03-15,4.04,4.06,4.0,4.0,3.949749,374200.0
2017-03-16,4.0,4.1,4.0,4.08,4.028744,813700.0
2017-03-17,4.06,4.08,4.04,4.06,4.008995,252400.0
2017-03-20,4.06,4.12,4.02,4.04,3.989246,659400.0
2017-03-21,4.04,4.08,4.0,4.06,4.008995,209300.0
2017-03-22,4.06,4.28,4.02,4.26,4.206483,7888200.0
2017-03-23,4.28,4.32,4.2,4.26,4.206483,7776300.0
2017-03-24,4.26,4.26,4.12,4.12,4.068241,3824300.0
2017-03-27,4.12,4.16,4.1,4.1,4.048492,877100.0
2017-03-28,4.1,4.12,4.06,4.1,4.048492,482300.0
2017-03-29,4.1,4.16,4.1,4.1,4.048492,601000.0
2017-03-30,4.1,4.2,4.1,4.18,4.127487,1431900.0
2017-03-31,4.18,4.18,4.1,4.12,4.068241,667200.0
2017-04-03,4.16,4.18,4.12,4.14,4.08799,447800.0
2017-04-04,4.14,4.22,4.14,4.16,4.107738,1776000.0
2017-04-05,4.16,4.18,4.12,4.12,4.068241,298000.0
2017-04-07,4.12,4.14,4.08,4.1,4.048492,508100.0
2017-04-10,4.08,4.1,4.06,4.08,4.028744,289400.0
2017-04-11,4.04,4.08,4.0,4.04,3.989246,787300.0
2017-04-12,4.0,4.06,4.0,4.02,3.969497,353800.0
2017-04-17,4.02,4.02,3.9,3.98,3.93,731000.0
2017-04-18,3.98,4.0,3.94,3.96,3.910251,395600.0
2017-04-19,3.94,3.96,3.88,3.9,3.851005,1519900.0
2017-04-20,3.88,3.96,3.88,3.96,3.910251,386100.0
2017-04-21,3.96,3.96,3.94,3.94,3.890503,259900.0
2017-04-24,3.94,4.02,3.92,3.92,3.870754,628700.0
2017-04-25,3.94,3.94,3.8,3.88,3.831256,867600.0
2017-04-26,3.88,3.92,3.86,3.9,3.851005,556500.0
2017-04-27,3.9,3.9,3.88,3.88,3.831256,271600.0
2017-04-28,3.9,4.02,3.88,3.96,3.910251,2397000.0
2017-05-02,3.96,4.0,3.92,4.0,3.949749,1182000.0
2017-05-03,4.0,4.12,4.0,4.08,4.028744,12152200.0
2017-05-04,4.08,4.08,3.96,3.98,3.93,3943100.0
2017-05-08,3.96,3.96,3.88,3.92,3.92,1355900.0
2017-05-09,3.94,3.94,3.88,3.88,3.88,660900.0
2017-05-11,3.88,3.92,3.78,3.8,3.8,1322800.0
2017-05-12,3.78,3.78,3.7,3.7,3.7,846000.0
2017-05-15,3.64,3.64,3.64,3.64,3.64,10000.0
2017-05-16,3.64,3.64,3.5,3.56,3.56,1052500.0
2017-05-17,3.64,3.64,3.5,3.52,3.52,1145200.0
2017-05-18,3.54,3.54,3.5,3.5,3.5,696500.0
2017-05-19,3.54,3.62,3.52,3.58,3.58,464200.0
2017-05-22,3.6,3.6,3.54,3.54,3.54,169400.0
2017-05-23,3.58,3.6,3.54,3.58,3.58,300100.0
2017-05-24,3.58,3.66,3.56,3.64,3.64,374900.0
2017-05-25,3.66,3.78,3.62,3.72,3.72,1185000.0
2017-05-26,3.74,3.76,3.7,3.74,3.74,348400.0
2017-05-29,3.74,3.84,3.66,3.66,3.66,1141300.0
2017-05-30,3.66,3.72,3.62,3.62,3.62,419900.0
2017-05-31,3.62,3.68,3.58,3.58,3.58,831800.0
2017-06-01,3.56,3.62,3.56,3.62,3.62,53800.0
2017-06-02,3.62,3.62,3.56,3.56,3.56,156600.0
2017-06-05,3.56,3.58,3.54,3.54,3.54,157200.0
2017-06-06,3.52,3.6,3.52,3.56,3.56,185300.0
2017-06-07,3.58,3.66,3.54,3.54,3.54,945300.0
2017-06-08,3.54,3.7,3.54,3.68,3.68,2171100.0
2017-06-09,3.72,3.8,3.6,3.6,3.6,2050000.0
2017-06-12,3.62,3.68,3.6,3.6,3.6,118000.0
2017-06-13,3.58,3.64,3.56,3.56,3.56,205000.0
2017-06-14,3.56,3.6,3.56,3.56,3.56,300500.0
2017-06-15,3.56,3.66,3.52,3.54,3.54,1009700.0
2017-06-16,3.56,3.56,3.52,3.54,3.54,263800.0
2017-06-19,3.54,3.6,3.54,3.56,3.56,136600.0
2017-06-20,3.58,3.6,3.58,3.58,3.58,292600.0
2017-06-21,3.58,3.66,3.54,3.58,3.58,2672700.0
2017-06-22,3.58,3.6,3.56,3.58,3.58,166600.0
2017-06-23,3.6,3.62,3.56,3.58,3.58,191100.0
2017-06-26,3.56,3.6,3.56,3.58,3.58,357700.0
2017-06-27,3.56,3.58,3.56,3.56,3.56,401600.0
2017-06-28,3.54,3.62,3.54,3.62,3.62,946800.0
2017-06-29,3.64,3.72,3.58,3.58,3.58,2928900.0
2017-06-30,3.58,3.58,3.52,3.56,3.56,702100.0
2017-07-03,3.56,3.56,3.52,3.52,3.52,138900.0
2017-07-04,3.56,3.62,3.54,3.6,3.6,1190800.0
2017-07-05,3.6,3.72,3.58,3.6,3.6,4697000.0
2017-07-06,3.6,3.62,3.58,3.6,3.6,763800.0
2017-07-07,3.6,3.64,3.58,3.62,3.62,794600.0
2017-07-11,3.62,3.88,3.62,3.88,3.88,17678100.0
2017-07-12,3.88,3.98,3.76,3.76,3.76,21405300.0
2017-07-13,3.8,3.84,3.72,3.76,3.76,4234800.0
2017-07-14,3.78,3.94,3.78,3.92,3.92,9536000.0
2017-07-17,3.98,4.0,3.88,3.9,3.9,8668500.0
2017-07-18,3.9,3.9,3.82,3.86,3.86,2708100.0
2017-07-19,3.86,3.92,3.82,3.86,3.86,2245400.0
2017-07-20,3.88,4.0,3.84,3.98,3.98,9237900.0
2017-07-21,4.0,4.08,3.7,3.72,3.72,19756700.0
2017-07-24,3.74,3.84,3.74,3.82,3.82,2977400.0
2017-07-25,3.82,3.82,3.76,3.76,3.76,669200.0
2017-07-26,3.78,3.82,3.76,3.76,3.76,1283000.0
2017-07-27,3.76,3.84,3.76,3.82,3.82,2871200.0
2017-07-31,3.82,3.86,3.78,3.86,3.86,1881300.0
2017-08-01,3.88,3.88,3.8,3.8,3.8,1002500.0
2017-08-02,3.82,3.84,3.78,3.8,3.8,566300.0
2017-08-03,3.8,3.82,3.76,3.8,3.8,850000.0
2017-08-04,3.78,3.82,3.76,3.8,3.8,853100.0
2017-08-07,3.8,3.8,3.76,3.8,3.8,518400.0
2017-08-08,3.78,3.8,3.76,3.8,3.8,678300.0
2017-08-09,3.8,3.88,3.78,3.8,3.8,1916100.0
2017-08-10,3.78,3.8,3.76,3.8,3.8,539100.0
2017-08-11,3.78,3.78,3.72,3.76,3.76,833300.0
2017-08-15,3.76,3.8,3.76,3.8,3.8,298600.0
2017-08-16,3.78,3.78,3.74,3.76,3.76,399100.0
2017-08-17,3.74,3.74,3.62,3.68,3.68,1105800.0
2017-08-18,3.66,3.66,3.6,3.6,3.6,799000.0
2017-08-21,3.58,3.68,3.58,3.68,3.68,951900.0
2017-08-22,3.68,3.7,3.64,3.66,3.66,353400.0
2017-08-23,3.68,3.72,3.64,3.72,3.72,625800.0
2017-08-24,3.72,3.74,3.66,3.72,3.72,263300.0
2017-08-25,3.72,3.8,3.72,3.8,3.8,1950500.0
2017-08-28,3.8,3.8,3.8,3.8,3.8,20000.0
2017-08-29,3.78,3.78,3.72,3.78,3.78,904600.0
2017-08-30,3.78,3.8,3.74,3.8,3.8,444100.0
2017-08-31,3.8,3.8,3.74,3.78,3.78,302500.0
2017-09-01,3.74,3.8,3.74,3.78,3.78,449400.0
2017-09-04,3.78,3.78,3.7,3.78,3.78,516500.0
2017-09-05,3.78,3.78,3.72,3.76,3.76,350800.0
2017-09-06,3.76,3.76,3.72,3.74,3.74,183700.0
2017-09-07,3.76,3.76,3.72,3.72,3.72,475400.0
2017-09-08,3.72,3.72,3.68,3.72,3.72,1605700.0
2017-09-11,3.68,3.7,3.64,3.66,3.66,484600.0
2017-09-12,3.64,3.68,3.62,3.64,3.64,495900.0
2017-09-13,3.64,3.68,3.64,3.66,3.66,127000.0
2017-09-14,3.68,3.68,3.62,3.64,3.64,524100.0
2017-09-15,3.6,3.64,3.6,3.62,3.62,392100.0
